"1439";"2021-10-06 01:31:45";"-67";"-48";"-74"
"1440";"2021-10-06 01:31:46";"-68";"-48";"-71"
"1441";"2021-10-06 01:31:47";"-68";"-48";"-71"
"1442";"2021-10-06 01:31:48";"-68";"-49";"-71"
"1443";"2021-10-06 01:31:49";"-68";"-48";"-78"
"1444";"2021-10-06 01:31:50";"-67";"-48";"-77"
"1445";"2021-10-06 01:31:51";"-68";"-48";"-73"
"1446";"2021-10-06 01:31:52";"-80";"-48";"-71"
"1447";"2021-10-06 01:31:53";"-67";"-48";"-74"
"1448";"2021-10-06 01:31:54";"-68";"-48";"-73"
"1449";"2021-10-06 01:31:55";"-68";"-48";"-73"
"1450";"2021-10-06 01:31:56";"-68";"-48";"-73"
"1451";"2021-10-06 01:31:57";"-68";"-48";"-73"
"1452";"2021-10-06 01:31:58";"-67";"-48";"-72"
"1453";"2021-10-06 01:31:59";"-68";"-48";"-78"
"1454";"2021-10-06 01:32:00";"-68";"-48";"-73"
"1455";"2021-10-06 01:32:01";"-68";"-48";"-73"
"1456";"2021-10-06 01:32:02";"-68";"-48";"-78"
"1457";"2021-10-06 01:32:03";"-68";"-48";"-78"
"1458";"2021-10-06 01:32:04";"-67";"-48";"-78"
"1459";"2021-10-06 01:32:05";"-68";"-48";"-74"
"1460";"2021-10-06 01:32:06";"-68";"-48";"-72"
"1461";"2021-10-06 01:32:07";"-85";"-49";"-71"
"1462";"2021-10-06 01:32:08";"-68";"-48";"-77"
"1463";"2021-10-06 01:32:09";"-67";"-48";"-71"
"1464";"2021-10-06 01:32:10";"-68";"-48";"-78"
"1465";"2021-10-06 01:32:11";"-68";"-48";"-78"
"1466";"2021-10-06 01:32:12";"-68";"-48";"-78"
"1467";"2021-10-06 01:32:39";"-67";"-48";"-78"
"1468";"2021-10-06 01:32:39";"-67";"-48";"-73"
"1469";"2021-10-06 01:32:40";"-67";"-48";"-72"
"1470";"2021-10-06 01:32:41";"-79";"-46";"-73"
"1471";"2021-10-06 01:32:42";"-67";"-48";"-74"
"1472";"2021-10-06 01:32:43";"-67";"-49";"-75"
"1473";"2021-10-06 01:32:44";"-67";"-48";"-74"
"1474";"2021-10-06 01:32:45";"-67";"-48";"-79"
"1475";"2021-10-06 01:32:46";"-68";"-48";"-73"
"1476";"2021-10-06 01:32:47";"-68";"-48";"-75"
"1477";"2021-10-06 01:32:48";"-67";"-48";"-74"
"1478";"2021-10-06 01:32:49";"-68";"-48";"-79"
"1479";"2021-10-06 01:32:50";"-67";"-48";"-73"
"1480";"2021-10-06 01:32:51";"-67";"-48";"-74"
"1481";"2021-10-06 01:32:52";"-67";"-48";"-79"
"1482";"2021-10-06 01:32:53";"-67";"-48";"-73"
"1483";"2021-10-06 01:32:54";"-68";"-48";"-73"
"1484";"2021-10-06 01:32:56";"-67";"-48";"-74"
"1485";"2021-10-06 01:32:57";"-67";"-48";"-79"
"1486";"2021-10-06 01:32:58";"-68";"-48";"-74"
"1487";"2021-10-06 01:32:59";"-67";"-49";"-74"
"1488";"2021-10-06 01:33:00";"-68";"-48";"-79"
"1489";"2021-10-06 01:33:01";"-68";"-48";"-72"
"1490";"2021-10-06 01:33:02";"-67";"-48";"-73"
"1491";"2021-10-06 01:33:03";"-67";"-48";"-74"
"1492";"2021-10-06 01:33:04";"-67";"-51";"-74"
"1493";"2021-10-06 01:33:05";"-67";"-48";"-79"
"1494";"2021-10-06 01:33:06";"-68";"-48";"-75"
"1495";"2021-10-06 01:33:33";"-68";"-48";"-72"
"1496";"2021-10-06 01:33:34";"-68";"-48";"-74"
"1497";"2021-10-06 01:33:35";"-68";"-48";"-73"
"1498";"2021-10-06 01:33:36";"-68";"-48";"-79"
"1499";"2021-10-06 01:33:37";"-68";"-48";"-74"
"1500";"2021-10-06 01:33:38";"-67";"-48";"-72"
"1501";"2021-10-06 01:33:39";"-67";"-49";"-74"
"1502";"2021-10-06 01:33:40";"-68";"-48";"-74"
"1503";"2021-10-06 01:33:41";"-68";"-48";"-74"
"1504";"2021-10-06 01:33:42";"-67";"-48";"-74"
"1505";"2021-10-06 01:33:43";"-68";"-49";"-74"
"1506";"2021-10-06 01:33:44";"-70";"-48";"-79"
"1507";"2021-10-06 01:33:45";"-82";"-48";"-80"
"1508";"2021-10-06 01:33:46";"-72";"-48";"-80"
"1509";"2021-10-06 01:33:47";"-74";"-48";"-75"
"1510";"2021-10-06 01:33:48";"-80";"-49";"-77"
"1511";"2021-10-06 01:33:49";"-80";"-50";"-85"
"1512";"2021-10-06 01:33:50";"-83";"-62";"-69"
"1513";"2021-10-06 01:33:51";"-67";"-76";"-88"
"1514";"2021-10-06 01:33:52";"-75";"-81";"-69"
"1515";"2021-10-06 01:33:53";"-80";"-76";"-63"
"1516";"2021-10-06 01:33:54";"-70";"-82";"-69"
"1517";"2021-10-06 01:33:55";"-72";"-97";"-64"
"1518";"2021-10-06 01:33:56";"-77";"-89";"-69"
"1519";"2021-10-06 01:33:57";"-76";"-91";"-66"
"1520";"2021-10-06 01:33:58";"-67";"-83";"-72"
"1521";"2021-10-06 01:34:20";"-80";"-79";"-78"
"1522";"2021-10-06 01:34:21";"-73";"-36";"-81"
"1523";"2021-10-06 01:34:22";"-73";"-36";"-77"
"1524";"2021-10-06 01:34:23";"-73";"-37";"-78"
"1525";"2021-10-06 01:34:24";"-79";"-36";"-78"
"1526";"2021-10-06 01:34:25";"-73";"-36";"-80"
"1527";"2021-10-06 01:34:26";"-72";"-38";"-77"
"1528";"2021-10-06 01:34:27";"-73";"-37";"-77"
"1529";"2021-10-06 01:34:28";"-79";"-37";"-81"
"1530";"2021-10-06 01:34:29";"-73";"-37";"-78"
"1531";"2021-10-06 01:34:30";"-73";"-37";"-78"
"1532";"2021-10-06 01:34:31";"-77";"-36";"-81"
"1533";"2021-10-06 01:34:32";"-72";"-37";"-77"
"1534";"2021-10-06 01:34:33";"-80";"-36";"-77"
"1535";"2021-10-06 01:34:34";"-73";"-37";"-80"
"1536";"2021-10-06 01:34:35";"-72";"-38";"-81"
"1537";"2021-10-06 01:34:36";"-73";"-37";"-77"
"1538";"2021-10-06 01:34:37";"-73";"-36";"-82"
"1539";"2021-10-06 01:34:38";"-79";"-37";"-77"
"1540";"2021-10-06 01:34:39";"-78";"-37";"-77"
"1541";"2021-10-06 01:34:40";"-72";"-38";"-78"
"1542";"2021-10-06 01:34:41";"-73";"-37";"-77"
"1543";"2021-10-06 01:34:42";"-79";"-36";"-77"
"1544";"2021-10-06 01:35:15";"-78";"-37";"-78"
"1545";"2021-10-06 01:35:16";"-73";"-37";"-78"
"1546";"2021-10-06 01:35:17";"-73";"-36";"-80"
"1547";"2021-10-06 01:35:18";"-74";"-37";"-80"
"1548";"2021-10-06 01:35:19";"-78";"-36";"-80"
"1549";"2021-10-06 01:35:20";"-73";"-36";"-77"
"1550";"2021-10-06 01:35:21";"-73";"-37";"-77"
"1551";"2021-10-06 01:35:22";"-73";"-37";"-78"
"1552";"2021-10-06 01:35:23";"-78";"-36";"-78"
"1553";"2021-10-06 01:35:24";"-73";"-37";"-81"
"1554";"2021-10-06 01:35:25";"-80";"-37";"-79"
"1555";"2021-10-06 01:35:26";"-78";"-36";"-81"
"1556";"2021-10-06 01:35:27";"-79";"-36";"-77"
"1557";"2021-10-06 01:35:28";"-73";"-37";"-77"
"1558";"2021-10-06 01:35:29";"-78";"-36";"-77"
"1559";"2021-10-06 01:35:30";"-73";"-36";"-77"
"1560";"2021-10-06 01:35:42";"-80";"-36";"-81"
"1561";"2021-10-06 01:35:42";"-73";"-36";"-78"
"1562";"2021-10-06 01:35:43";"-72";"-36";"-77"
"1563";"2021-10-06 01:36:08";"-79";"-37";"-82"
"1564";"2021-10-06 01:36:09";"-78";"-40";"-77"
"1565";"2021-10-06 01:36:10";"-73";"-36";"-78"
"1566";"2021-10-06 01:36:11";"-79";"-36";"-77"
"1567";"2021-10-06 01:36:12";"-73";"-37";"-77"
"1568";"2021-10-06 01:36:13";"-73";"-36";"-77"
"1569";"2021-10-06 01:36:35";"-79";"-37";"-83"
"1570";"2021-10-06 01:36:36";"-80";"-37";"-78"
"1571";"2021-10-06 01:36:37";"-80";"-38";"-79"
"1572";"2021-10-06 01:37:01";"-74";"-36";"-82"
"1573";"2021-10-06 01:37:02";"-75";"-37";"-79"
"1574";"2021-10-06 01:37:03";"-73";"-37";"-79"
"1575";"2021-10-06 01:37:04";"-72";"-37";"-82"
"1576";"2021-10-06 01:37:05";"-73";"-36";"-78"
"1577";"2021-10-06 01:37:06";"-73";"-37";"-79"
"1578";"2021-10-06 01:37:31";"-73";"-36";"-78"
"1579";"2021-10-06 01:37:54";"-80";"-36";"-79"
"1580";"2021-10-06 01:37:55";"-73";"-36";"-79"
"1581";"2021-10-06 01:37:56";"-74";"-40";"-78"
"1582";"2021-10-06 01:37:57";"-80";"-37";"-79"
"1583";"2021-10-06 01:37:58";"-79";"-37";"-82"
"1584";"2021-10-06 01:37:59";"-74";"-37";"-78"
"1585";"2021-10-06 01:38:00";"-73";"-36";"-77"
"1586";"2021-10-06 01:38:17";"-79";"-37";"-81"
"1587";"2021-10-06 01:38:17";"-80";"-36";"-81"
"1588";"2021-10-06 01:38:18";"-73";"-36";"-77"
"1589";"2021-10-06 01:38:19";"-80";"-36";"-78"
"1590";"2021-10-06 01:38:20";"-73";"-37";"-77"
"1591";"2021-10-06 01:38:21";"-73";"-37";"-77"
"1592";"2021-10-06 01:38:22";"-79";"-37";"-80"
"1593";"2021-10-06 01:38:44";"-73";"-37";"-78"
"1594";"2021-10-06 01:38:45";"-78";"-36";"-77"
"1595";"2021-10-06 01:38:46";"-73";"-38";"-78"
"1596";"2021-10-06 01:38:47";"-79";"-37";"-78"
"1597";"2021-10-06 01:39:12";"-72";"-37";"-77"
"1598";"2021-10-06 01:39:37";"-73";"-37";"-78"
"1599";"2021-10-06 01:39:37";"-72";"-37";"-77"
"1600";"2021-10-06 01:39:38";"-73";"-36";"-78"
"1601";"2021-10-06 01:39:53";"-73";"-36";"-78"
"1602";"2021-10-06 01:39:53";"-72";"-37";"-78"
"1603";"2021-10-06 01:39:54";"-73";"-36";"-80"
"1604";"2021-10-06 01:39:55";"-73";"-36";"-77"
"1605";"2021-10-06 01:39:56";"-73";"-36";"-78"
"1606";"2021-10-06 01:39:57";"-79";"-36";"-81"
"1607";"2021-10-06 01:39:58";"-79";"-37";"-81"
"1608";"2021-10-06 01:39:59";"-73";"-37";"-78"
"1609";"2021-10-06 01:40:00";"-73";"-38";"-77"
"1610";"2021-10-06 01:40:01";"-73";"-37";"-78"
"1611";"2021-10-06 01:40:02";"-79";"-36";"-78"
"1612";"2021-10-06 01:40:04";"-73";"-36";"-78"
"1613";"2021-10-06 01:40:05";"-73";"-36";"-80"
"1614";"2021-10-06 01:40:47";"-72";"-36";"-77"
"1615";"2021-10-06 01:40:47";"-73";"-37";"-77"
"1616";"2021-10-06 01:40:48";"-73";"-37";"-77"
"1617";"2021-10-06 01:40:49";"-72";"-37";"-82"
"1618";"2021-10-06 01:40:50";"-79";"-36";"-78"
"1619";"2021-10-06 01:40:51";"-73";"-37";"-81"
"1620";"2021-10-06 01:40:52";"-73";"-37";"-77"
"1621";"2021-10-06 01:40:53";"-72";"-37";"-80"
"1622";"2021-10-06 01:40:54";"-72";"-38";"-78"
"1623";"2021-10-06 01:40:56";"-80";"-36";"-78"
"1624";"2021-10-06 01:40:57";"-73";"-37";"-77"
"1625";"2021-10-06 01:41:42";"-72";"-37";"-79"
"1626";"2021-10-06 01:41:42";"-80";"-36";"-78"
"1627";"2021-10-06 01:41:43";"-73";"-37";"-79"
"1628";"2021-10-06 01:41:44";"-72";"-37";"-82"
"1629";"2021-10-06 01:41:45";"-76";"-37";"-79"
"1630";"2021-10-06 01:41:46";"-72";"-36";"-79"
"1631";"2021-10-06 01:41:47";"-72";"-36";"-78"
"1632";"2021-10-06 01:41:48";"-72";"-36";"-78"
"1633";"2021-10-06 01:41:49";"-72";"-37";"-81"
"1634";"2021-10-06 01:42:11";"-80";"-37";"-82"
"1635";"2021-10-06 01:42:33";"-72";"-37";"-78"
"1636";"2021-10-06 01:42:33";"-73";"-37";"-78"
"1637";"2021-10-06 01:42:34";"-78";"-37";"-79"
"1638";"2021-10-06 01:42:35";"-80";"-37";"-82"
"1639";"2021-10-06 01:42:36";"-72";"-36";"-78"
"1640";"2021-10-06 01:42:37";"-76";"-36";"-78"
"1641";"2021-10-06 01:42:38";"-72";"-37";"-83"
"1642";"2021-10-06 01:42:39";"-73";"-36";"-79"
"1643";"2021-10-06 01:43:04";"-73";"-37";"-78"
"1644";"2021-10-06 01:43:18";"-72";"-36";"-78"
"1645";"2021-10-06 01:43:18";"-80";"-37";"-79"
"1646";"2021-10-06 01:43:19";"-72";"-37";"-82"
"1647";"2021-10-06 01:43:20";"-72";"-36";"-78"
"1648";"2021-10-06 01:43:21";"-72";"-37";"-78"
"1649";"2021-10-06 01:43:22";"-78";"-36";"-82"
"1650";"2021-10-06 01:43:23";"-73";"-38";"-79"
"1651";"2021-10-06 01:43:24";"-73";"-37";"-79"
"1652";"2021-10-06 01:43:25";"-73";"-37";"-82"
"1653";"2021-10-06 01:43:26";"-72";"-36";"-78"
"1654";"2021-10-06 01:43:27";"-72";"-36";"-79"
"1655";"2021-10-06 01:43:28";"-80";"-36";"-78"
"1656";"2021-10-06 01:43:29";"-80";"-36";"-79"
"1657";"2021-10-06 01:43:31";"-72";"-36";"-82"
"1658";"2021-10-06 01:43:32";"-72";"-37";"-79"
"1659";"2021-10-06 01:44:13";"-80";"-36";"-78"
"1660";"2021-10-06 01:44:13";"-72";"-36";"-79"
"1661";"2021-10-06 01:44:14";"-72";"-37";"-82"
"1662";"2021-10-06 01:44:16";"-81";"-38";"-79"
"1663";"2021-10-06 01:44:17";"-73";"-37";"-78"
"1664";"2021-10-06 01:44:18";"-78";"-36";"-78"
"1665";"2021-10-06 01:44:19";"-72";"-37";"-79"
"1666";"2021-10-06 01:44:20";"-73";"-36";"-79"
"1667";"2021-10-06 01:44:21";"-79";"-36";"-78"
"1668";"2021-10-06 01:44:22";"-72";"-37";"-78"
"1669";"2021-10-06 01:44:23";"-80";"-36";"-79"
"1670";"2021-10-06 01:44:47";"-79";"-37";"-78"
"1671";"2021-10-06 01:45:09";"-73";"-37";"-78"
"1672";"2021-10-06 01:45:10";"-74";"-37";"-79"
"1673";"2021-10-06 01:45:11";"-72";"-36";"-79"
"1674";"2021-10-06 01:45:12";"-80";"-36";"-79"
"1675";"2021-10-06 01:45:13";"-72";"-36";"-79"
"1676";"2021-10-06 01:45:14";"-72";"-36";"-79"
"1677";"2021-10-06 01:45:15";"-79";"-36";"-78"
"1678";"2021-10-06 01:45:39";"-80";"-37";"-79"
"1679";"2021-10-06 01:45:39";"-73";"-36";"-78"
"1680";"2021-10-06 01:46:01";"-72";"-36";"-81"
"1681";"2021-10-06 01:46:02";"-79";"-36";"-78"
"1682";"2021-10-06 01:46:03";"-80";"-36";"-79"
"1683";"2021-10-06 01:46:04";"-75";"-37";"-78"
"1684";"2021-10-06 01:46:05";"-72";"-37";"-82"
"1685";"2021-10-06 01:46:06";"-72";"-37";"-78"
"1686";"2021-10-06 01:46:07";"-73";"-37";"-78"
"1687";"2021-10-06 01:46:57";"-73";"-37";"-79"
"1688";"2021-10-06 01:46:58";"-80";"-36";"-78"
"1689";"2021-10-06 01:46:59";"-73";"-37";"-79"
"1690";"2021-10-06 01:47:00";"-73";"-37";"-79"
"1691";"2021-10-06 01:47:01";"-72";"-36";"-78"
"1692";"2021-10-06 01:47:25";"-73";"-37";"-83"
"1693";"2021-10-06 01:47:36";"-73";"-36";"-78"
"1694";"2021-10-06 01:47:37";"-73";"-37";"-78"
"1695";"2021-10-06 01:47:38";"-79";"-36";"-79"
"1696";"2021-10-06 01:47:39";"-73";"-37";"-78"
"1697";"2021-10-06 01:47:40";"-72";"-36";"-78"
"1698";"2021-10-06 01:47:41";"-73";"-37";"-78"
"1699";"2021-10-06 01:47:42";"-72";"-37";"-78"
"1700";"2021-10-06 01:47:44";"-73";"-37";"-78"
"1701";"2021-10-06 01:47:45";"-73";"-37";"-82"
"1702";"2021-10-06 01:47:46";"-72";"-37";"-78"
"1703";"2021-10-06 01:47:47";"-72";"-37";"-82"
"1704";"2021-10-06 01:47:48";"-76";"-36";"-82"
"1705";"2021-10-06 01:47:49";"-72";"-36";"-79"
"1706";"2021-10-06 01:47:50";"-79";"-36";"-79"
"1707";"2021-10-06 01:47:51";"-79";"-36";"-79"
"1708";"2021-10-06 01:47:52";"-80";"-38";"-79"
"1709";"2021-10-06 01:47:53";"-73";"-36";"-82"
"1710";"2021-10-06 01:48:31";"-73";"-37";"-78"
"1711";"2021-10-06 01:48:32";"-73";"-36";"-82"
"1712";"2021-10-06 01:48:32";"-75";"-41";"-78"
"1713";"2021-10-06 01:48:34";"-72";"-40";"-81"
"1714";"2021-10-06 01:48:35";"-72";"-36";"-78"
"1715";"2021-10-06 01:48:36";"-73";"-37";"-78"
"1716";"2021-10-06 01:48:37";"-79";"-36";"-83"
"1717";"2021-10-06 01:48:38";"-73";"-38";"-78"
"1718";"2021-10-06 01:48:39";"-73";"-38";"-79"
"1719";"2021-10-06 01:48:40";"-72";"-36";"-79"
"1720";"2021-10-06 01:48:41";"-72";"-37";"-82"
"1721";"2021-10-06 01:48:42";"-72";"-38";"-81"
"1722";"2021-10-06 01:48:43";"-75";"-36";"-79"
"1723";"2021-10-06 01:48:44";"-72";"-38";"-82"
"1724";"2021-10-06 01:48:45";"-72";"-36";"-78"
"1725";"2021-10-06 01:48:46";"-72";"-36";"-80"
"1726";"2021-10-06 01:48:47";"-73";"-36";"-78"
"1727";"2021-10-06 01:49:23";"-72";"-37";"-78"
"1728";"2021-10-06 01:49:23";"-79";"-36";"-78"
"1729";"2021-10-06 01:49:24";"-72";"-38";"-83"
"1730";"2021-10-06 01:49:25";"-79";"-36";"-78"
"1731";"2021-10-06 01:49:27";"-72";"-37";"-78"
"1732";"2021-10-06 01:49:28";"-72";"-37";"-78"
"1733";"2021-10-06 01:49:29";"-72";"-37";"-79"
"1734";"2021-10-06 01:49:30";"-73";"-36";"-79"
"1735";"2021-10-06 01:49:31";"-73";"-37";"-82"
"1736";"2021-10-06 01:49:32";"-81";"-37";"-79"
"1737";"2021-10-06 01:49:33";"-81";"-38";"-78"
"1738";"2021-10-06 01:49:34";"-73";"-38";"-79"
"1739";"2021-10-06 01:49:35";"-72";"-37";"-78"
"1740";"2021-10-06 01:49:36";"-79";"-36";"-79"
"1741";"2021-10-06 01:49:37";"-72";"-36";"-79"
"1742";"2021-10-06 01:49:38";"-72";"-36";"-82"
"1743";"2021-10-06 01:49:39";"-72";"-37";"-78"
"1744";"2021-10-06 01:49:40";"-72";"-36";"-78"
"1745";"2021-10-06 01:49:41";"-73";"-37";"-78"
"1746";"2021-10-06 01:49:42";"-80";"-36";"-79"
"1747";"2021-10-06 01:50:14";"-80";"-36";"-79"
"1748";"2021-10-06 01:50:15";"-78";"-36";"-82"
"1749";"2021-10-06 01:50:15";"-80";"-37";"-78"
"1750";"2021-10-06 01:50:16";"-72";"-37";"-79"
"1751";"2021-10-06 01:50:17";"-78";"-36";"-78"
"1752";"2021-10-06 01:50:18";"-79";"-36";"-78"
"1753";"2021-10-06 01:50:19";"-79";"-37";"-79"
"1754";"2021-10-06 01:50:21";"-72";"-37";"-78"
"1755";"2021-10-06 01:50:22";"-72";"-37";"-78"
"1756";"2021-10-06 01:50:23";"-79";"-36";"-79"
"1757";"2021-10-06 01:50:24";"-73";"-37";"-78"
"1758";"2021-10-06 01:50:25";"-73";"-36";"-82"
"1759";"2021-10-06 01:50:26";"-73";"-36";"-81"
"1760";"2021-10-06 01:50:27";"-79";"-36";"-79"
"1761";"2021-10-06 01:50:28";"-72";"-36";"-83"
"1762";"2021-10-06 01:50:29";"-73";"-37";"-78"
"1763";"2021-10-06 01:50:30";"-80";"-37";"-79"
"1764";"2021-10-06 01:50:31";"-73";"-36";"-78"
"1765";"2021-10-06 01:50:32";"-79";"-37";"-79"
"1766";"2021-10-06 01:50:33";"-73";"-37";"-78"
"1767";"2021-10-06 01:50:34";"-79";"-36";"-78"
"1768";"2021-10-06 01:50:35";"-79";"-36";"-79"
"1769";"2021-10-06 01:50:36";"-73";"-36";"-82"
"1770";"2021-10-06 01:51:02";"-81";"-38";"-81"
"1771";"2021-10-06 01:51:02";"-73";"-36";"-82"
"1772";"2021-10-06 01:51:03";"-73";"-37";"-78"
"1773";"2021-10-06 01:51:04";"-80";"-37";"-78"
"1774";"2021-10-06 01:51:05";"-79";"-36";"-78"
"1775";"2021-10-06 01:51:06";"-73";"-37";"-79"
"1776";"2021-10-06 01:51:07";"-73";"-36";"-79"
"1777";"2021-10-06 01:51:08";"-80";"-38";"-81"
"1778";"2021-10-06 01:51:09";"-79";"-37";"-78"
"1779";"2021-10-06 01:51:10";"-73";"-37";"-78"
"1780";"2021-10-06 01:51:11";"-73";"-37";"-79"
"1781";"2021-10-06 01:51:12";"-73";"-37";"-78"
"1782";"2021-10-06 01:51:13";"-79";"-36";"-78"
"1783";"2021-10-06 01:51:14";"-73";"-37";"-79"
"1784";"2021-10-06 01:51:15";"-73";"-37";"-79"
"1785";"2021-10-06 01:51:16";"-72";"-37";"-83"
"1786";"2021-10-06 01:51:17";"-79";"-36";"-78"
"1787";"2021-10-06 01:51:18";"-79";"-36";"-79"
"1788";"2021-10-06 01:51:19";"-73";"-36";"-79"
"1789";"2021-10-06 01:51:20";"-72";"-37";"-78"
"1790";"2021-10-06 01:51:21";"-72";"-37";"-81"
"1791";"2021-10-06 01:51:22";"-73";"-37";"-78"
"1792";"2021-10-06 01:51:23";"-75";"-37";"-78"
"1793";"2021-10-06 01:51:24";"-73";"-37";"-78"
"1794";"2021-10-06 01:51:26";"-73";"-36";"-78"
"1795";"2021-10-06 01:51:27";"-72";"-37";"-83"
"1796";"2021-10-06 01:51:28";"-79";"-36";"-78"
"1797";"2021-10-06 01:51:29";"-72";"-36";"-78"
"1798";"2021-10-06 01:51:30";"-72";"-37";"-79"
"1799";"2021-10-06 01:51:58";"-79";"-36";"-79"
"1800";"2021-10-06 01:51:58";"-78";"-36";"-78"
"1801";"2021-10-06 01:51:59";"-73";"-37";"-79"
"1802";"2021-10-06 01:52:00";"-75";"-37";"-78"
"1803";"2021-10-06 01:52:01";"-73";"-36";"-79"
"1804";"2021-10-06 01:52:02";"-73";"-37";"-81"
"1805";"2021-10-06 01:52:03";"-72";"-36";"-82"
"1806";"2021-10-06 01:52:04";"-79";"-36";"-82"
"1807";"2021-10-06 01:52:05";"-72";"-36";"-78"
"1808";"2021-10-06 01:52:06";"-72";"-36";"-78"
"1809";"2021-10-06 01:52:07";"-80";"-36";"-82"
"1810";"2021-10-06 01:52:09";"-79";"-38";"-78"
"1811";"2021-10-06 01:52:10";"-72";"-36";"-81"
"1812";"2021-10-06 01:52:11";"-81";"-37";"-79"
"1813";"2021-10-06 01:52:12";"-79";"-36";"-82"
"1814";"2021-10-06 01:52:13";"-73";"-37";"-78"
"1815";"2021-10-06 01:52:14";"-80";"-37";"-79"
"1816";"2021-10-06 01:52:15";"-72";"-38";"-78"
"1817";"2021-10-06 01:52:16";"-79";"-36";"-79"
"1818";"2021-10-06 01:52:17";"-73";"-37";"-82"
"1819";"2021-10-06 01:52:18";"-72";"-36";"-78"
"1820";"2021-10-06 01:52:19";"-73";"-37";"-82"
"1821";"2021-10-06 01:52:20";"-72";"-37";"-79"
"1822";"2021-10-06 01:52:21";"-78";"-37";"-78"
"1823";"2021-10-06 01:52:22";"-80";"-36";"-79"
"1824";"2021-10-06 01:52:48";"-80";"-38";"-81"
"1825";"2021-10-06 01:52:48";"-79";"-37";"-78"
"1826";"2021-10-06 01:52:49";"-73";"-36";"-79"
"1827";"2021-10-06 01:52:50";"-72";"-37";"-79"
"1828";"2021-10-06 01:52:51";"-73";"-37";"-79"
"1829";"2021-10-06 01:52:52";"-72";"-36";"-78"
"1830";"2021-10-06 01:52:53";"-79";"-36";"-79"
"1831";"2021-10-06 01:52:54";"-79";"-37";"-82"
"1832";"2021-10-06 01:52:55";"-79";"-36";"-78"
"1833";"2021-10-06 01:52:56";"-73";"-36";"-79"
"1834";"2021-10-06 01:52:57";"-72";"-37";"-79"
"1835";"2021-10-06 01:52:58";"-72";"-38";"-79"
"1836";"2021-10-06 01:52:59";"-72";"-37";"-83"
"1837";"2021-10-06 01:53:00";"-72";"-38";"-82"
"1838";"2021-10-06 01:53:01";"-80";"-36";"-79"
"1839";"2021-10-06 01:53:03";"-79";"-37";"-78"
"1840";"2021-10-06 01:53:04";"-75";"-37";"-78"
"1841";"2021-10-06 01:53:05";"-72";"-36";"-82"
"1842";"2021-10-06 01:53:06";"-73";"-36";"-79"
"1843";"2021-10-06 01:53:07";"-73";"-36";"-83"
"1844";"2021-10-06 01:53:08";"-73";"-37";"-81"
"1845";"2021-10-06 01:53:09";"-79";"-37";"-78"
"1846";"2021-10-06 01:53:10";"-72";"-37";"-78"
"1847";"2021-10-06 01:53:11";"-76";"-36";"-79"
"1848";"2021-10-06 01:53:42";"-72";"-37";"-79"
"1849";"2021-10-06 01:53:43";"-73";"-36";"-82"
"1850";"2021-10-06 01:53:44";"-72";"-37";"-82"
"1851";"2021-10-06 01:53:45";"-73";"-36";"-78"
"1852";"2021-10-06 01:53:46";"-73";"-41";"-79"
"1853";"2021-10-06 01:53:47";"-80";"-36";"-82"
"1854";"2021-10-06 01:53:48";"-79";"-36";"-83"
"1855";"2021-10-06 01:53:49";"-78";"-36";"-79"
"1856";"2021-10-06 01:53:50";"-73";"-36";"-79"
"1857";"2021-10-06 01:53:51";"-72";"-37";"-79"
"1858";"2021-10-06 01:53:52";"-72";"-37";"-81"
"1859";"2021-10-06 01:53:53";"-79";"-36";"-78"
"1860";"2021-10-06 01:53:54";"-79";"-37";"-78"
"1861";"2021-10-06 01:53:55";"-73";"-37";"-79"
"1862";"2021-10-06 01:53:56";"-78";"-36";"-79"
"1863";"2021-10-06 01:53:57";"-80";"-36";"-78"
"1864";"2021-10-06 01:53:58";"-73";"-36";"-78"
"1865";"2021-10-06 01:53:59";"-78";"-36";"-78"
"1866";"2021-10-06 01:54:00";"-73";"-37";"-79"
"1867";"2021-10-06 01:54:01";"-73";"-36";"-78"
"1868";"2021-10-06 01:54:02";"-77";"-36";"-82"
"1869";"2021-10-06 01:54:04";"-72";"-38";"-79"
"1870";"2021-10-06 01:54:05";"-78";"-36";"-79"
"1871";"2021-10-06 01:54:06";"-73";"-37";"-82"
"1872";"2021-10-06 01:54:36";"-73";"-38";"-78"
"1873";"2021-10-06 01:54:37";"-72";"-36";"-79"
"1874";"2021-10-06 01:54:38";"-79";"-36";"-81"
"1875";"2021-10-06 01:54:39";"-80";"-36";"-82"
"1876";"2021-10-06 01:54:40";"-73";"-36";"-82"
"1877";"2021-10-06 01:54:41";"-73";"-37";"-79"
"1878";"2021-10-06 01:54:42";"-76";"-41";"-78"
"1879";"2021-10-06 01:54:43";"-76";"-37";"-81"
"1880";"2021-10-06 01:54:44";"-73";"-37";"-79"
"1881";"2021-10-06 01:54:45";"-72";"-37";"-79"
"1882";"2021-10-06 01:54:46";"-79";"-37";"-78"
"1883";"2021-10-06 01:54:47";"-78";"-36";"-79"
"1884";"2021-10-06 01:54:48";"-73";"-36";"-83"
"1885";"2021-10-06 01:54:49";"-73";"-36";"-79"
"1886";"2021-10-06 01:54:50";"-78";"-36";"-82"
"1887";"2021-10-06 01:54:51";"-72";"-37";"-82"
"1888";"2021-10-06 01:54:52";"-78";"-36";"-78"
"1889";"2021-10-06 01:54:53";"-79";"-38";"-79"
"1890";"2021-10-06 01:54:54";"-79";"-36";"-79"
"1891";"2021-10-06 01:54:55";"-73";"-36";"-83"
"1892";"2021-10-06 01:54:57";"-78";"-36";"-79"
"1893";"2021-10-06 01:54:58";"-73";"-36";"-78"
"1894";"2021-10-06 01:54:59";"-73";"-36";"-78"
"1895";"2021-10-06 01:55:00";"-73";"-37";"-81"
"1896";"2021-10-06 01:55:01";"-79";"-36";"-78"
"1897";"2021-10-06 01:55:02";"-78";"-37";"-79"
"1898";"2021-10-06 01:55:03";"-73";"-37";"-83"
"1899";"2021-10-06 01:55:04";"-78";"-36";"-83"
"1900";"2021-10-06 01:55:31";"-73";"-36";"-78"
"1901";"2021-10-06 01:55:31";"-79";"-36";"-83"
"1902";"2021-10-06 01:55:32";"-80";"-36";"-79"
"1903";"2021-10-06 01:55:33";"-78";"-37";"-79"
"1904";"2021-10-06 01:55:34";"-79";"-36";"-79"
"1905";"2021-10-06 01:55:35";"-76";"-37";"-79"
"1906";"2021-10-06 01:55:36";"-73";"-37";"-78"
"1907";"2021-10-06 01:55:37";"-80";"-36";"-82"
"1908";"2021-10-06 01:55:38";"-74";"-38";"-79"
"1909";"2021-10-06 01:55:39";"-78";"-37";"-81"
"1910";"2021-10-06 01:55:40";"-79";"-36";"-78"
"1911";"2021-10-06 01:55:41";"-73";"-37";"-78"
"1912";"2021-10-06 01:55:42";"-79";"-36";"-78"
"1913";"2021-10-06 01:55:43";"-79";"-37";"-79"
"1914";"2021-10-06 01:55:44";"-79";"-37";"-79"
"1915";"2021-10-06 01:55:45";"-73";"-37";"-82"
"1916";"2021-10-06 01:55:46";"-81";"-37";"-81"
"1917";"2021-10-06 01:55:47";"-73";"-36";"-81"
"1918";"2021-10-06 01:55:48";"-79";"-36";"-82"
"1919";"2021-10-06 01:55:49";"-73";"-36";"-78"
"1920";"2021-10-06 01:55:50";"-79";"-36";"-79"
"1921";"2021-10-06 01:55:51";"-80";"-37";"-79"
"1922";"2021-10-06 01:55:53";"-79";"-36";"-79"
"1923";"2021-10-06 01:55:54";"-73";"-37";"-83"
"1924";"2021-10-06 01:55:55";"-73";"-36";"-78"
"1925";"2021-10-06 01:55:56";"-72";"-36";"-78"
"1926";"2021-10-06 01:55:57";"-80";"-37";"-79"
"1927";"2021-10-06 01:55:58";"-78";"-36";"-81"
"1928";"2021-10-06 01:55:59";"-73";"-36";"-82"
"1929";"2021-10-06 01:56:25";"-80";"-36";"-78"
"1930";"2021-10-06 01:56:25";"-76";"-37";"-82"
"1931";"2021-10-06 01:56:26";"-80";"-38";"-78"
"1932";"2021-10-06 01:56:27";"-72";"-36";"-79"
"1933";"2021-10-06 01:56:28";"-73";"-37";"-79"
"1934";"2021-10-06 01:56:29";"-72";"-37";"-81"
"1935";"2021-10-06 01:56:30";"-79";"-36";"-78"
"1936";"2021-10-06 01:56:31";"-73";"-37";"-78"
"1937";"2021-10-06 01:56:32";"-78";"-38";"-79"
"1938";"2021-10-06 01:56:33";"-73";"-36";"-78"
"1939";"2021-10-06 01:56:34";"-72";"-36";"-78"
"1940";"2021-10-06 01:56:35";"-79";"-36";"-81"
"1941";"2021-10-06 01:56:36";"-79";"-36";"-79"
"1942";"2021-10-06 01:56:37";"-72";"-36";"-79"
"1943";"2021-10-06 01:56:38";"-73";"-36";"-78"
"1944";"2021-10-06 01:56:39";"-72";"-36";"-79"
"1945";"2021-10-06 01:56:41";"-72";"-37";"-79"
"1946";"2021-10-06 01:56:42";"-73";"-37";"-79"
"1947";"2021-10-06 01:56:43";"-73";"-37";"-79"
"1948";"2021-10-06 01:56:44";"-73";"-36";"-79"
"1949";"2021-10-06 01:56:45";"-73";"-36";"-79"
"1950";"2021-10-06 01:56:46";"-72";"-37";"-81"
"1951";"2021-10-06 01:56:47";"-79";"-37";"-78"
"1952";"2021-10-06 01:56:48";"-73";"-37";"-79"
"1953";"2021-10-06 01:56:49";"-73";"-36";"-79"
"1954";"2021-10-06 01:56:50";"-72";"-36";"-78"
"1955";"2021-10-06 01:57:21";"-80";"-36";"-78"
"1956";"2021-10-06 01:57:22";"-74";"-36";"-79"
"1957";"2021-10-06 01:57:23";"-73";"-36";"-81"
"1958";"2021-10-06 01:57:24";"-72";"-37";"-78"
"1959";"2021-10-06 01:57:25";"-72";"-37";"-79"
"1960";"2021-10-06 01:57:26";"-77";"-36";"-79"
"1961";"2021-10-06 01:57:27";"-80";"-36";"-81"
"1962";"2021-10-06 01:57:28";"-76";"-37";"-82"
"1963";"2021-10-06 01:57:29";"-73";"-36";"-79"
"1964";"2021-10-06 01:57:30";"-73";"-37";"-78"
"1965";"2021-10-06 01:57:31";"-77";"-37";"-78"
"1966";"2021-10-06 01:57:32";"-79";"-37";"-79"
"1967";"2021-10-06 01:57:33";"-72";"-37";"-78"
"1968";"2021-10-06 01:57:34";"-73";"-36";"-79"
"1969";"2021-10-06 01:57:35";"-73";"-36";"-78"
"1970";"2021-10-06 01:57:36";"-73";"-37";"-79"
"1971";"2021-10-06 01:57:37";"-73";"-37";"-78"
"1972";"2021-10-06 01:57:38";"-79";"-36";"-79"
"1973";"2021-10-06 01:57:39";"-79";"-36";"-79"
"1974";"2021-10-06 01:57:40";"-73";"-36";"-79"
"1975";"2021-10-06 01:57:41";"-79";"-37";"-79"
"1976";"2021-10-06 01:58:19";"-72";"-36";"-81"
"1977";"2021-10-06 01:58:20";"-81";"-37";"-79"
"1978";"2021-10-06 01:58:21";"-72";"-37";"-78"
"1979";"2021-10-06 01:58:22";"-80";"-36";"-79"
"1980";"2021-10-06 01:58:23";"-80";"-37";"-79"
"1981";"2021-10-06 01:58:24";"-80";"-36";"-79"
"1982";"2021-10-06 01:58:25";"-80";"-36";"-82"
"1983";"2021-10-06 01:58:26";"-72";"-37";"-79"
"1984";"2021-10-06 01:58:27";"-79";"-36";"-78"
"1985";"2021-10-06 01:58:28";"-73";"-38";"-83"
"1986";"2021-10-06 01:58:29";"-80";"-37";"-78"
"1987";"2021-10-06 01:58:30";"-79";"-36";"-79"
"1988";"2021-10-06 01:58:31";"-78";"-36";"-83"
"1989";"2021-10-06 01:58:32";"-72";"-38";"-81"
"1990";"2021-10-06 01:58:33";"-79";"-36";"-79"
"1991";"2021-10-06 01:58:34";"-76";"-37";"-78"
"1992";"2021-10-06 01:58:35";"-72";"-37";"-79"
"1993";"2021-10-06 01:59:20";"-73";"-37";"-79"
"1994";"2021-10-06 01:59:21";"-72";"-36";"-79"
"1995";"2021-10-06 01:59:22";"-73";"-37";"-82"
"1996";"2021-10-06 01:59:23";"-73";"-36";"-79"
"1997";"2021-10-06 01:59:24";"-73";"-37";"-82"
"1998";"2021-10-06 01:59:25";"-79";"-36";"-79"
"1999";"2021-10-06 01:59:50";"-73";"-37";"-78"
"2000";"2021-10-06 01:59:51";"-79";"-37";"-81"
"2001";"2021-10-06 02:00:13";"-78";"-37";"-79"
"2002";"2021-10-06 02:00:13";"-72";"-36";"-78"
"2003";"2021-10-06 02:00:14";"-73";"-37";"-79"
"2004";"2021-10-06 02:00:15";"-73";"-36";"-79"
"2005";"2021-10-06 02:00:16";"-73";"-37";"-83"
"2006";"2021-10-06 02:00:17";"-72";"-37";"-82"
"2007";"2021-10-06 02:00:18";"-72";"-37";"-79"
"2008";"2021-10-06 02:00:19";"-73";"-36";"-83"
"2009";"2021-10-06 02:00:20";"-73";"-37";"-78"
"2010";"2021-10-06 02:00:44";"-80";"-37";"-82"
"2011";"2021-10-06 02:01:06";"-73";"-36";"-78"
"2012";"2021-10-06 02:01:07";"-75";"-36";"-78"
"2013";"2021-10-06 02:01:08";"-73";"-37";"-78"
"2014";"2021-10-06 02:01:09";"-78";"-36";"-79"
"2015";"2021-10-06 02:01:10";"-78";"-36";"-78"
"2016";"2021-10-06 02:01:11";"-79";"-36";"-79"
"2017";"2021-10-06 02:01:12";"-73";"-36";"-78"
"2018";"2021-10-06 02:01:13";"-72";"-36";"-79"
"2019";"2021-10-06 02:01:14";"-73";"-36";"-83"
"2020";"2021-10-06 02:01:36";"-73";"-36";"-78"
"2021";"2021-10-06 02:01:37";"-72";"-36";"-78"
"2022";"2021-10-06 02:01:38";"-73";"-36";"-78"
"2023";"2021-10-06 02:02:03";"-79";"-37";"-83"
"2024";"2021-10-06 02:02:04";"-73";"-41";"-79"
"2025";"2021-10-06 02:02:05";"-80";"-36";"-79"
"2026";"2021-10-06 02:02:27";"-73";"-38";"-79"
"2027";"2021-10-06 02:02:28";"-72";"-37";"-79"
"2028";"2021-10-06 02:02:29";"-79";"-36";"-82"
"2029";"2021-10-06 02:02:30";"-73";"-37";"-78"
"2030";"2021-10-06 02:02:31";"-80";"-36";"-78"
"2031";"2021-10-06 02:02:32";"-79";"-37";"-79"
"2032";"2021-10-06 02:02:33";"-73";"-38";"-78"
"2033";"2021-10-06 02:02:34";"-81";"-37";"-79"
"2034";"2021-10-06 02:03:22";"-73";"-37";"-79"
"2035";"2021-10-06 02:03:22";"-80";"-37";"-79"
"2036";"2021-10-06 02:03:23";"-73";"-37";"-79"
"2037";"2021-10-06 02:03:24";"-72";"-37";"-79"
"2038";"2021-10-06 02:03:25";"-72";"-36";"-79"
"2039";"2021-10-06 02:03:26";"-79";"-36";"-82"
"2040";"2021-10-06 02:03:27";"-79";"-36";"-80"
"2041";"2021-10-06 02:03:28";"-79";"-37";"-82"
"2042";"2021-10-06 02:03:29";"-72";"-36";"-78"
"2043";"2021-10-06 02:03:30";"-79";"-36";"-78"
"2044";"2021-10-06 02:03:31";"-80";"-36";"-79"
"2045";"2021-10-06 02:03:32";"-72";"-36";"-78"
"2046";"2021-10-06 02:04:16";"-73";"-37";"-79"
"2047";"2021-10-06 02:04:16";"-80";"-37";"-78"
"2048";"2021-10-06 02:04:17";"-72";"-36";"-78"
"2049";"2021-10-06 02:04:18";"-72";"-36";"-79"
"2050";"2021-10-06 02:04:19";"-72";"-37";"-79"
"2051";"2021-10-06 02:04:20";"-81";"-37";"-81"
"2052";"2021-10-06 02:04:21";"-73";"-41";"-79"
"2053";"2021-10-06 02:04:22";"-79";"-36";"-79"
"2054";"2021-10-06 02:04:23";"-78";"-36";"-79"
"2055";"2021-10-06 02:04:24";"-72";"-36";"-79"
"2056";"2021-10-06 02:04:25";"-72";"-38";"-83"
"2057";"2021-10-06 02:04:26";"-77";"-36";"-78"
"2058";"2021-10-06 02:04:27";"-72";"-36";"-81"
"2059";"2021-10-06 02:04:28";"-80";"-36";"-78"
"2060";"2021-10-06 02:05:07";"-79";"-37";"-79"
"2061";"2021-10-06 02:05:08";"-80";"-36";"-79"
"2062";"2021-10-06 02:05:09";"-80";"-37";"-84"
"2063";"2021-10-06 02:05:10";"-73";"-36";"-79"
"2064";"2021-10-06 02:05:11";"-79";"-36";"-78"
"2065";"2021-10-06 02:05:12";"-79";"-37";"-82"
"2066";"2021-10-06 02:05:13";"-72";"-36";"-78"
"2067";"2021-10-06 02:05:14";"-72";"-37";"-82"
"2068";"2021-10-06 02:05:15";"-79";"-36";"-82"
"2069";"2021-10-06 02:05:16";"-73";"-36";"-78"
"2070";"2021-10-06 02:05:17";"-73";"-36";"-79"
"2071";"2021-10-06 02:05:18";"-80";"-37";"-78"
"2072";"2021-10-06 02:05:19";"-73";"-37";"-82"
"2073";"2021-10-06 02:05:20";"-78";"-36";"-82"
"2074";"2021-10-06 02:05:21";"-73";"-37";"-78"
"2075";"2021-10-06 02:05:22";"-75";"-36";"-79"
"2076";"2021-10-06 02:05:23";"-76";"-37";"-79"
"2077";"2021-10-06 02:05:24";"-75";"-36";"-79"
"2078";"2021-10-06 02:05:25";"-72";"-37";"-77"
"2079";"2021-10-06 02:05:52";"-79";"-36";"-79"
"2080";"2021-10-06 02:05:53";"-79";"-37";"-79"
"2081";"2021-10-06 02:05:54";"-77";"-36";"-81"
"2082";"2021-10-06 02:05:55";"-74";"-37";"-80"
"2083";"2021-10-06 02:05:56";"-80";"-36";"-77"
"2084";"2021-10-06 02:05:57";"-73";"-36";"-79"
"2085";"2021-10-06 02:05:58";"-73";"-36";"-83"
"2086";"2021-10-06 02:05:59";"-72";"-37";"-84"
"2087";"2021-10-06 02:06:00";"-77";"-38";"-77"
"2088";"2021-10-06 02:06:01";"-72";"-36";"-78"
"2089";"2021-10-06 02:06:02";"-72";"-37";"-78"
"2090";"2021-10-06 02:06:03";"-76";"-36";"-78"
"2091";"2021-10-06 02:06:04";"-73";"-37";"-77"
"2092";"2021-10-06 02:06:05";"-79";"-36";"-78"
"2093";"2021-10-06 02:06:06";"-72";"-37";"-79"
"2094";"2021-10-06 02:06:07";"-72";"-37";"-82"
"2095";"2021-10-06 02:06:08";"-71";"-37";"-79"
"2096";"2021-10-06 02:06:09";"-74";"-37";"-78"
"2097";"2021-10-06 02:06:10";"-77";"-36";"-82"
"2098";"2021-10-06 02:06:11";"-73";"-37";"-79"
"2099";"2021-10-06 02:06:12";"-74";"-36";"-83"
"2100";"2021-10-06 02:06:13";"-77";"-36";"-77"
"2101";"2021-10-06 02:06:14";"-74";"-38";"-78"
"2102";"2021-10-06 02:06:15";"-78";"-36";"-78"
"2103";"2021-10-06 02:06:16";"-75";"-37";"-78"
"2104";"2021-10-06 02:06:17";"-79";"-36";"-82"
"2105";"2021-10-06 02:06:18";"-76";"-37";"-78"
"2106";"2021-10-06 02:06:19";"-79";"-36";"-77"
"2107";"2021-10-06 02:06:46";"-74";"-36";"-78"
"2108";"2021-10-06 02:06:47";"-74";"-36";"-83"
"2109";"2021-10-06 02:06:48";"-75";"-37";"-78"
"2110";"2021-10-06 02:06:49";"-75";"-38";"-78"
"2111";"2021-10-06 02:06:50";"-78";"-37";"-78"
"2112";"2021-10-06 02:06:51";"-74";"-36";"-83"
"2113";"2021-10-06 02:06:52";"-75";"-37";"-82"
"2114";"2021-10-06 02:06:53";"-74";"-37";"-78"
"2115";"2021-10-06 02:06:54";"-77";"-37";"-82"
"2116";"2021-10-06 02:06:55";"-77";"-36";"-78"
"2117";"2021-10-06 02:06:56";"-76";"-36";"-78"
"2118";"2021-10-06 02:06:57";"-75";"-36";"-77"
"2119";"2021-10-06 02:06:58";"-76";"-36";"-78"
"2120";"2021-10-06 02:06:59";"-77";"-36";"-78"
"2121";"2021-10-06 02:07:00";"-75";"-37";"-79"
"2122";"2021-10-06 02:07:01";"-75";"-36";"-78"
"2123";"2021-10-06 02:07:02";"-78";"-36";"-82"
"2124";"2021-10-06 02:07:03";"-78";"-37";"-82"
"2125";"2021-10-06 02:07:04";"-74";"-36";"-78"
"2126";"2021-10-06 02:07:05";"-74";"-36";"-78"
"2127";"2021-10-06 02:07:06";"-77";"-36";"-78"
"2128";"2021-10-06 02:07:07";"-77";"-36";"-78"
"2129";"2021-10-06 02:07:08";"-77";"-36";"-78"
"2130";"2021-10-06 02:07:09";"-74";"-36";"-79"
"2131";"2021-10-06 02:07:10";"-74";"-37";"-79"
"2132";"2021-10-06 02:07:11";"-77";"-38";"-78"
"2133";"2021-10-06 02:07:12";"-74";"-37";"-77"
"2134";"2021-10-06 02:07:13";"-77";"-41";"-77"
"2135";"2021-10-06 02:07:14";"-77";"-36";"-82"
"2136";"2021-10-06 02:07:15";"-77";"-37";"-77"
"2137";"2021-10-06 02:07:38";"-77";"-37";"-78"
"2138";"2021-10-06 02:07:38";"-77";"-37";"-78"
"2139";"2021-10-06 02:07:39";"-78";"-36";"-79"
"2140";"2021-10-06 02:07:41";"-74";"-37";"-79"
"2141";"2021-10-06 02:07:42";"-78";"-36";"-78"
"2142";"2021-10-06 02:07:43";"-75";"-37";"-78"
"2143";"2021-10-06 02:07:44";"-74";"-37";"-78"
"2144";"2021-10-06 02:07:45";"-78";"-36";"-82"
"2145";"2021-10-06 02:07:46";"-74";"-37";"-78"
"2146";"2021-10-06 02:07:47";"-77";"-36";"-78"
"2147";"2021-10-06 02:07:48";"-74";"-36";"-78"
"2148";"2021-10-06 02:07:49";"-78";"-36";"-78"
"2149";"2021-10-06 02:07:50";"-76";"-36";"-78"
"2150";"2021-10-06 02:07:51";"-74";"-36";"-78"
"2151";"2021-10-06 02:07:52";"-75";"-36";"-82"
"2152";"2021-10-06 02:07:53";"-74";"-38";"-82"
"2153";"2021-10-06 02:07:54";"-77";"-38";"-79"
"2154";"2021-10-06 02:07:55";"-77";"-36";"-83"
"2155";"2021-10-06 02:07:56";"-75";"-36";"-78"
"2156";"2021-10-06 02:07:57";"-77";"-36";"-78"
"2157";"2021-10-06 02:07:58";"-75";"-37";"-78"
"2158";"2021-10-06 02:07:59";"-74";"-37";"-78"
"2159";"2021-10-06 02:08:30";"-74";"-41";"-78"
"2160";"2021-10-06 02:08:31";"-74";"-37";"-78"
"2161";"2021-10-06 02:08:32";"-74";"-36";"-78"
"2162";"2021-10-06 02:08:33";"-74";"-37";"-84"
"2163";"2021-10-06 02:08:34";"-76";"-37";"-78"
"2164";"2021-10-06 02:08:35";"-77";"-36";"-78"
"2165";"2021-10-06 02:08:36";"-74";"-36";"-78"
"2166";"2021-10-06 02:08:37";"-77";"-36";"-78"
"2167";"2021-10-06 02:08:38";"-74";"-37";"-79"
"2168";"2021-10-06 02:08:39";"-76";"-36";"-79"
"2169";"2021-10-06 02:08:40";"-77";"-36";"-78"
"2170";"2021-10-06 02:08:41";"-77";"-36";"-78"
"2171";"2021-10-06 02:08:42";"-78";"-36";"-78"
"2172";"2021-10-06 02:08:43";"-77";"-36";"-82"
"2173";"2021-10-06 02:08:44";"-77";"-37";"-78"
"2174";"2021-10-06 02:09:21";"-74";"-37";"-78"
"2175";"2021-10-06 02:09:22";"-73";"-36";"-78"
"2176";"2021-10-06 02:09:23";"-77";"-36";"-83"
"2177";"2021-10-06 02:09:24";"-74";"-37";"-78"
"2178";"2021-10-06 02:09:25";"-76";"-36";"-78"
"2179";"2021-10-06 02:09:26";"-74";"-36";"-79"
"2180";"2021-10-06 02:09:27";"-74";"-37";"-83"
"2181";"2021-10-06 02:09:28";"-77";"-36";"-79"
"2182";"2021-10-06 02:09:29";"-77";"-36";"-78"
"2183";"2021-10-06 02:09:30";"-77";"-36";"-78"
"2184";"2021-10-06 02:09:31";"-80";"-36";"-77"
"2185";"2021-10-06 02:09:32";"-74";"-36";"-79"
"2186";"2021-10-06 02:09:33";"-78";"-37";"-78"
"2187";"2021-10-06 02:09:34";"-77";"-36";"-83"
"2188";"2021-10-06 02:09:35";"-79";"-37";"-78"
"2189";"2021-10-06 02:09:36";"-75";"-37";"-78"
"2190";"2021-10-06 02:09:37";"-78";"-36";"-78"
"2191";"2021-10-06 02:09:38";"-77";"-37";"-78"
"2192";"2021-10-06 02:10:16";"-77";"-36";"-78"
"2193";"2021-10-06 02:10:16";"-74";"-41";"-83"
"2194";"2021-10-06 02:10:17";"-77";"-37";"-78"
"2195";"2021-10-06 02:10:18";"-74";"-41";"-82"
"2196";"2021-10-06 02:10:19";"-77";"-36";"-78"
"2197";"2021-10-06 02:10:20";"-74";"-36";"-78"
"2198";"2021-10-06 02:10:21";"-74";"-37";"-78"
"2199";"2021-10-06 02:10:23";"-74";"-37";"-82"
"2200";"2021-10-06 02:10:24";"-76";"-36";"-78"
"2201";"2021-10-06 02:10:25";"-75";"-36";"-78"
"2202";"2021-10-06 02:10:26";"-77";"-36";"-78"
"2203";"2021-10-06 02:10:27";"-75";"-38";"-78"
"2204";"2021-10-06 02:10:28";"-77";"-36";"-78"
"2205";"2021-10-06 02:10:29";"-77";"-36";"-79"
"2206";"2021-10-06 02:10:30";"-74";"-37";"-83"
"2207";"2021-10-06 02:10:31";"-77";"-36";"-83"
"2208";"2021-10-06 02:10:32";"-79";"-36";"-78"
"2209";"2021-10-06 02:10:33";"-77";"-36";"-79"
"2210";"2021-10-06 02:10:34";"-74";"-37";"-82"
"2211";"2021-10-06 02:10:35";"-76";"-36";"-78"
"2212";"2021-10-06 02:11:12";"-77";"-37";"-79"
"2213";"2021-10-06 02:11:12";"-75";"-36";"-78"
"2214";"2021-10-06 02:11:14";"-75";"-36";"-78"
"2215";"2021-10-06 02:11:15";"-74";"-37";"-78"
"2216";"2021-10-06 02:11:16";"-76";"-36";"-78"
"2217";"2021-10-06 02:11:17";"-74";"-37";"-78"
"2218";"2021-10-06 02:11:18";"-77";"-37";"-79"
"2219";"2021-10-06 02:11:19";"-77";"-37";"-78"
"2220";"2021-10-06 02:11:20";"-77";"-36";"-78"
"2221";"2021-10-06 02:11:21";"-74";"-38";"-78"
"2222";"2021-10-06 02:11:22";"-77";"-36";"-79"
"2223";"2021-10-06 02:11:23";"-74";"-37";"-82"
"2224";"2021-10-06 02:11:24";"-74";"-36";"-79"
"2225";"2021-10-06 02:11:25";"-74";"-36";"-78"
"2226";"2021-10-06 02:11:26";"-74";"-36";"-79"
"2227";"2021-10-06 02:11:27";"-74";"-38";"-79"
"2228";"2021-10-06 02:11:28";"-74";"-36";"-81"
"2229";"2021-10-06 02:11:29";"-76";"-36";"-78"
"2230";"2021-10-06 02:11:30";"-74";"-37";"-83"
"2231";"2021-10-06 02:11:31";"-77";"-36";"-78"
"2232";"2021-10-06 02:12:06";"-78";"-36";"-78"
"2233";"2021-10-06 02:12:07";"-74";"-38";"-77"
"2234";"2021-10-06 02:12:08";"-74";"-38";"-78"
"2235";"2021-10-06 02:12:09";"-74";"-37";"-79"
"2236";"2021-10-06 02:12:10";"-76";"-37";"-78"
"2237";"2021-10-06 02:12:11";"-75";"-37";"-78"
"2238";"2021-10-06 02:12:12";"-81";"-41";"-82"
"2239";"2021-10-06 02:12:13";"-77";"-41";"-82"
"2240";"2021-10-06 02:12:14";"-74";"-38";"-83"
"2241";"2021-10-06 02:12:15";"-79";"-36";"-82"
"2242";"2021-10-06 02:12:16";"-74";"-36";"-77"
"2243";"2021-10-06 02:12:17";"-75";"-37";"-78"
"2244";"2021-10-06 02:12:18";"-77";"-36";"-78"
"2245";"2021-10-06 02:12:19";"-74";"-37";"-78"
"2246";"2021-10-06 02:12:20";"-74";"-37";"-79"
"2247";"2021-10-06 02:12:21";"-75";"-36";"-78"
"2248";"2021-10-06 02:12:22";"-74";"-36";"-78"
"2249";"2021-10-06 02:12:23";"-74";"-37";"-82"
"2250";"2021-10-06 02:12:24";"-74";"-37";"-78"
"2251";"2021-10-06 02:12:25";"-76";"-36";"-78"
"2252";"2021-10-06 02:12:26";"-74";"-37";"-78"
"2253";"2021-10-06 02:12:51";"-74";"-37";"-84"
"2254";"2021-10-06 02:12:52";"-79";"-38";"-79"
"2255";"2021-10-06 02:12:53";"-75";"-37";"-76"
"2256";"2021-10-06 02:12:54";"-75";"-36";"-78"
"2257";"2021-10-06 02:12:55";"-76";"-36";"-82"
"2258";"2021-10-06 02:12:56";"-77";"-36";"-82"
"2259";"2021-10-06 02:12:57";"-76";"-37";"-78"
"2260";"2021-10-06 02:12:58";"-76";"-36";"-78"
"2261";"2021-10-06 02:13:00";"-74";"-36";"-82"
"2262";"2021-10-06 02:13:01";"-75";"-36";"-78"
"2263";"2021-10-06 02:13:02";"-77";"-36";"-78"
"2264";"2021-10-06 02:13:03";"-75";"-36";"-77"
"2265";"2021-10-06 02:13:04";"-75";"-36";"-78"
"2266";"2021-10-06 02:13:05";"-75";"-36";"-78"
"2267";"2021-10-06 02:13:06";"-75";"-36";"-83"
"2268";"2021-10-06 02:13:07";"-74";"-36";"-81"
"2269";"2021-10-06 02:13:08";"-77";"-36";"-81"
"2270";"2021-10-06 02:13:09";"-79";"-36";"-82"
"2271";"2021-10-06 02:13:10";"-74";"-36";"-81"
"2272";"2021-10-06 02:13:11";"-74";"-37";"-82"
"2273";"2021-10-06 02:13:12";"-75";"-36";"-77"
"2274";"2021-10-06 02:13:44";"-78";"-37";"-77"
"2275";"2021-10-06 02:13:44";"-74";"-37";"-82"
"2276";"2021-10-06 02:13:45";"-74";"-37";"-79"
"2277";"2021-10-06 02:13:46";"-74";"-37";"-77"
"2278";"2021-10-06 02:13:47";"-75";"-37";"-82"
"2279";"2021-10-06 02:13:48";"-78";"-37";"-79"
"2280";"2021-10-06 02:13:49";"-76";"-38";"-78"
"2281";"2021-10-06 02:13:50";"-75";"-37";"-82"
"2282";"2021-10-06 02:13:51";"-74";"-37";"-79"
"2283";"2021-10-06 02:13:52";"-75";"-37";"-78"
"2284";"2021-10-06 02:13:54";"-75";"-36";"-78"
"2285";"2021-10-06 02:13:55";"-75";"-37";"-79"
"2286";"2021-10-06 02:13:56";"-77";"-36";"-79"
"2287";"2021-10-06 02:13:57";"-75";"-37";"-82"
"2288";"2021-10-06 02:14:38";"-78";"-37";"-78"
"2289";"2021-10-06 02:14:38";"-77";"-37";"-79"
"2290";"2021-10-06 02:14:39";"-74";"-37";"-79"
"2291";"2021-10-06 02:14:40";"-75";"-37";"-79"
"2292";"2021-10-06 02:14:41";"-75";"-37";"-78"
"2293";"2021-10-06 02:14:42";"-78";"-38";"-79"
"2294";"2021-10-06 02:14:43";"-74";"-38";"-78"
"2295";"2021-10-06 02:14:44";"-74";"-36";"-78"
"2296";"2021-10-06 02:14:45";"-74";"-37";"-78"
"2297";"2021-10-06 02:14:46";"-77";"-37";"-82"
"2298";"2021-10-06 02:14:47";"-77";"-36";"-78"
"2299";"2021-10-06 02:14:49";"-76";"-36";"-79"
"2300";"2021-10-06 02:14:50";"-77";"-36";"-82"
"2301";"2021-10-06 02:14:51";"-76";"-36";"-83"
"2302";"2021-10-06 02:14:52";"-73";"-38";"-78"
"2303";"2021-10-06 02:14:53";"-79";"-37";"-78"
"2304";"2021-10-06 02:15:29";"-73";"-37";"-78"
"2305";"2021-10-06 02:15:29";"-77";"-37";"-81"
"2306";"2021-10-06 02:15:30";"-74";"-37";"-82"
"2307";"2021-10-06 02:15:31";"-73";"-37";"-78"
"2308";"2021-10-06 02:15:32";"-74";"-37";"-77"
"2309";"2021-10-06 02:15:33";"-75";"-36";"-82"
"2310";"2021-10-06 02:15:35";"-77";"-37";"-78"
"2311";"2021-10-06 02:15:36";"-73";"-37";"-78"
"2312";"2021-10-06 02:15:37";"-74";"-37";"-78"
"2313";"2021-10-06 02:15:38";"-74";"-37";"-81"
"2314";"2021-10-06 02:15:39";"-78";"-36";"-82"
"2315";"2021-10-06 02:15:40";"-78";"-37";"-82"
"2316";"2021-10-06 02:15:41";"-74";"-36";"-81"
"2317";"2021-10-06 02:15:42";"-74";"-37";"-78"
"2318";"2021-10-06 02:15:43";"-74";"-37";"-82"
"2319";"2021-10-06 02:15:44";"-75";"-36";"-79"
"2320";"2021-10-06 02:15:45";"-73";"-38";"-82"
"2321";"2021-10-06 02:15:46";"-79";"-37";"-78"
"2322";"2021-10-06 02:15:47";"-77";"-36";"-78"
"2323";"2021-10-06 02:16:23";"-74";"-37";"-82"
"2324";"2021-10-06 02:16:24";"-77";"-37";"-81"
"2325";"2021-10-06 02:16:25";"-74";"-36";"-79"
"2326";"2021-10-06 02:16:26";"-80";"-37";"-82"
"2327";"2021-10-06 02:16:27";"-74";"-36";"-78"
"2328";"2021-10-06 02:16:28";"-73";"-38";"-78"
"2329";"2021-10-06 02:16:29";"-75";"-41";"-78"
"2330";"2021-10-06 02:16:30";"-74";"-37";"-78"
"2331";"2021-10-06 02:16:31";"-78";"-36";"-78"
"2332";"2021-10-06 02:16:32";"-74";"-36";"-78"
"2333";"2021-10-06 02:16:33";"-77";"-36";"-78"
"2334";"2021-10-06 02:16:34";"-74";"-37";"-78"
"2335";"2021-10-06 02:16:35";"-74";"-36";"-79"
"2336";"2021-10-06 02:16:36";"-74";"-36";"-78"
"2337";"2021-10-06 02:16:37";"-74";"-37";"-81"
"2338";"2021-10-06 02:16:38";"-77";"-37";"-82"
"2339";"2021-10-06 02:16:39";"-78";"-36";"-78"
"2340";"2021-10-06 02:16:40";"-77";"-36";"-78"
"2341";"2021-10-06 02:16:41";"-74";"-38";"-78"
"2342";"2021-10-06 02:16:42";"-78";"-36";"-78"
"2343";"2021-10-06 02:16:43";"-78";"-36";"-83"
"2344";"2021-10-06 02:16:44";"-79";"-37";"-83"
"2345";"2021-10-06 02:17:14";"-74";"-37";"-79"
"2346";"2021-10-06 02:17:15";"-74";"-37";"-78"
"2347";"2021-10-06 02:17:16";"-74";"-37";"-78"
"2348";"2021-10-06 02:17:17";"-73";"-36";"-82"
"2349";"2021-10-06 02:17:18";"-74";"-37";"-83"
"2350";"2021-10-06 02:17:19";"-74";"-36";"-78"
"2351";"2021-10-06 02:17:20";"-75";"-36";"-78"
"2352";"2021-10-06 02:17:21";"-78";"-36";"-79"
"2353";"2021-10-06 02:17:22";"-77";"-36";"-78"
"2354";"2021-10-06 02:17:23";"-74";"-37";"-78"
"2355";"2021-10-06 02:17:24";"-77";"-36";"-78"
"2356";"2021-10-06 02:17:25";"-74";"-37";"-78"
"2357";"2021-10-06 02:17:26";"-77";"-36";"-78"
"2358";"2021-10-06 02:17:27";"-75";"-36";"-78"
"2359";"2021-10-06 02:17:28";"-77";"-36";"-83"
"2360";"2021-10-06 02:17:29";"-77";"-37";"-78"
"2361";"2021-10-06 02:17:30";"-77";"-36";"-78"
"2362";"2021-10-06 02:17:31";"-77";"-36";"-83"
"2363";"2021-10-06 02:17:32";"-77";"-37";"-83"
"2364";"2021-10-06 02:17:33";"-75";"-36";"-78"
"2365";"2021-10-06 02:17:34";"-77";"-36";"-78"
"2366";"2021-10-06 02:17:35";"-77";"-36";"-78"
"2367";"2021-10-06 02:17:36";"-76";"-36";"-82"
"2368";"2021-10-06 02:17:37";"-78";"-37";"-78"
"2369";"2021-10-06 02:17:38";"-77";"-36";"-78"
"2370";"2021-10-06 02:17:39";"-75";"-36";"-78"
"2371";"2021-10-06 02:17:40";"-77";"-36";"-81"
"2372";"2021-10-06 02:18:06";"-77";"-37";"-79"
"2373";"2021-10-06 02:18:06";"-74";"-37";"-82"
"2374";"2021-10-06 02:18:08";"-75";"-37";"-78"
"2375";"2021-10-06 02:18:09";"-77";"-36";"-78"
"2376";"2021-10-06 02:18:10";"-74";"-36";"-78"
"2377";"2021-10-06 02:18:11";"-74";"-37";"-83"
"2378";"2021-10-06 02:18:12";"-74";"-37";"-79"
"2379";"2021-10-06 02:18:13";"-78";"-36";"-77"
"2380";"2021-10-06 02:18:14";"-73";"-36";"-78"
"2381";"2021-10-06 02:18:15";"-75";"-37";"-78"
"2382";"2021-10-06 02:18:16";"-78";"-36";"-78"
"2383";"2021-10-06 02:18:17";"-77";"-36";"-78"
"2384";"2021-10-06 02:18:18";"-74";"-37";"-78"
"2385";"2021-10-06 02:18:19";"-75";"-36";"-78"
"2386";"2021-10-06 02:18:20";"-74";"-38";"-78"
"2387";"2021-10-06 02:18:21";"-77";"-36";"-79"
"2388";"2021-10-06 02:18:22";"-74";"-37";"-84"
"2389";"2021-10-06 02:18:23";"-77";"-36";"-78"
"2390";"2021-10-06 02:18:24";"-74";"-36";"-79"
"2391";"2021-10-06 02:18:25";"-74";"-36";"-82"
"2392";"2021-10-06 02:18:26";"-74";"-36";"-79"
"2393";"2021-10-06 02:18:27";"-74";"-37";"-83"
"2394";"2021-10-06 02:18:28";"-77";"-36";"-78"
"2395";"2021-10-06 02:18:29";"-74";"-37";"-78"
"2396";"2021-10-06 02:18:30";"-76";"-36";"-78"
"2397";"2021-10-06 02:18:31";"-77";"-37";"-78"
"2398";"2021-10-06 02:18:32";"-74";"-37";"-82"
"2399";"2021-10-06 02:18:33";"-79";"-37";"-78"
"2400";"2021-10-06 02:18:34";"-74";"-36";"-79"
"2401";"2021-10-06 02:18:35";"-77";"-36";"-82"
"2402";"2021-10-06 02:19:00";"-74";"-36";"-82"
"2403";"2021-10-06 02:19:01";"-78";"-37";"-79"
"2404";"2021-10-06 02:19:02";"-74";"-38";"-83"
"2405";"2021-10-06 02:19:03";"-74";"-37";"-78"
"2406";"2021-10-06 02:19:04";"-74";"-37";"-78"
"2407";"2021-10-06 02:19:05";"-75";"-37";"-78"
"2408";"2021-10-06 02:19:06";"-74";"-36";"-82"
"2409";"2021-10-06 02:19:07";"-78";"-36";"-79"
"2410";"2021-10-06 02:19:08";"-74";"-37";"-78"
"2411";"2021-10-06 02:19:09";"-74";"-36";"-78"
"2412";"2021-10-06 02:19:10";"-74";"-37";"-78"
"2413";"2021-10-06 02:19:11";"-78";"-37";"-78"
"2414";"2021-10-06 02:19:12";"-74";"-36";"-78"
"2415";"2021-10-06 02:19:13";"-77";"-36";"-78"
"2416";"2021-10-06 02:19:14";"-74";"-37";"-78"
"2417";"2021-10-06 02:19:15";"-77";"-36";"-83"
"2418";"2021-10-06 02:19:16";"-74";"-37";"-78"
"2419";"2021-10-06 02:19:17";"-78";"-41";"-78"
"2420";"2021-10-06 02:19:18";"-74";"-37";"-78"
"2421";"2021-10-06 02:19:19";"-77";"-36";"-78"
"2422";"2021-10-06 02:19:20";"-77";"-36";"-82"
"2423";"2021-10-06 02:19:21";"-75";"-37";"-77"
"2424";"2021-10-06 02:19:22";"-77";"-36";"-82"
"2425";"2021-10-06 02:19:23";"-74";"-37";"-79"
"2426";"2021-10-06 02:19:24";"-74";"-36";"-78"
"2427";"2021-10-06 02:19:25";"-74";"-37";"-78"
"2428";"2021-10-06 02:19:26";"-78";"-37";"-78"
"2429";"2021-10-06 02:19:58";"-77";"-37";"-82"
"2430";"2021-10-06 02:19:59";"-74";"-37";"-78"
"2431";"2021-10-06 02:20:00";"-78";"-36";"-78"
"2432";"2021-10-06 02:20:01";"-74";"-37";"-78"
"2433";"2021-10-06 02:20:02";"-74";"-36";"-78"
"2434";"2021-10-06 02:20:03";"-76";"-36";"-79"
"2435";"2021-10-06 02:20:04";"-74";"-37";"-78"
"2436";"2021-10-06 02:20:05";"-78";"-36";"-78"
"2437";"2021-10-06 02:20:06";"-78";"-36";"-78"
"2438";"2021-10-06 02:20:07";"-77";"-36";"-79"
"2439";"2021-10-06 02:20:08";"-77";"-36";"-78"
"2440";"2021-10-06 02:20:09";"-74";"-38";"-78"
"2441";"2021-10-06 02:20:10";"-74";"-37";"-78"
"2442";"2021-10-06 02:20:11";"-74";"-37";"-78"
"2443";"2021-10-06 02:20:12";"-75";"-36";"-78"
"2444";"2021-10-06 02:20:13";"-74";"-37";"-82"
"2445";"2021-10-06 02:20:14";"-78";"-37";"-78"
"2446";"2021-10-06 02:20:15";"-77";"-36";"-78"
"2447";"2021-10-06 02:20:16";"-77";"-36";"-78"
"2448";"2021-10-06 02:20:17";"-74";"-36";"-78"
"2449";"2021-10-06 02:20:18";"-77";"-36";"-77"
"2450";"2021-10-06 02:20:19";"-77";"-38";"-79"
"2451";"2021-10-06 02:20:20";"-75";"-36";"-78"
"2452";"2021-10-06 02:20:50";"-74";"-36";"-82"
"2453";"2021-10-06 02:20:51";"-74";"-37";"-83"
"2454";"2021-10-06 02:20:52";"-74";"-37";"-79"
"2455";"2021-10-06 02:20:53";"-74";"-37";"-78"
"2456";"2021-10-06 02:20:54";"-79";"-37";"-82"
"2457";"2021-10-06 02:20:55";"-74";"-37";"-79"
"2458";"2021-10-06 02:20:56";"-74";"-36";"-83"
"2459";"2021-10-06 02:20:57";"-74";"-37";"-78"
"2460";"2021-10-06 02:20:58";"-77";"-37";"-78"
"2461";"2021-10-06 02:20:59";"-74";"-38";"-78"
"2462";"2021-10-06 02:21:00";"-74";"-36";"-83"
"2463";"2021-10-06 02:21:01";"-74";"-37";"-79"
"2464";"2021-10-06 02:21:02";"-74";"-36";"-81"
"2465";"2021-10-06 02:21:03";"-77";"-36";"-78"
"2466";"2021-10-06 02:21:47";"-74";"-37";"-78"
"2467";"2021-10-06 02:21:48";"-74";"-37";"-78"
"2468";"2021-10-06 02:21:49";"-74";"-36";"-78"
"2469";"2021-10-06 02:21:50";"-78";"-37";"-82"
"2470";"2021-10-06 02:21:51";"-74";"-36";"-78"
"2471";"2021-10-06 02:21:52";"-75";"-36";"-82"
"2472";"2021-10-06 02:21:53";"-75";"-36";"-82"
"2473";"2021-10-06 02:21:54";"-75";"-37";"-79"
"2474";"2021-10-06 02:21:55";"-78";"-37";"-78"
"2475";"2021-10-06 02:21:56";"-74";"-36";"-82"
"2476";"2021-10-06 02:21:57";"-77";"-37";"-78"
"2477";"2021-10-06 02:21:58";"-78";"-38";"-79"
"2478";"2021-10-06 02:22:20";"-78";"-38";"-78"
"2479";"2021-10-06 02:22:21";"-77";"-37";"-79"
"2480";"2021-10-06 02:22:46";"-74";"-37";"-78"
"2481";"2021-10-06 02:22:46";"-74";"-36";"-83"
"2482";"2021-10-06 02:22:48";"-77";"-36";"-82"
"2483";"2021-10-06 02:23:14";"-78";"-37";"-78"
"2484";"2021-10-06 02:23:15";"-75";"-37";"-78"
"2485";"2021-10-06 02:23:16";"-74";"-36";"-83"
"2486";"2021-10-06 02:23:17";"-77";"-38";"-82"
"2487";"2021-10-06 02:23:18";"-77";"-36";"-82"
"2488";"2021-10-06 02:23:19";"-74";"-37";"-79"
"2489";"2021-10-06 02:23:20";"-74";"-38";"-79"
"2490";"2021-10-06 02:23:21";"-74";"-37";"-81"
"2491";"2021-10-06 02:23:22";"-76";"-36";"-79"
"2492";"2021-10-06 02:23:23";"-77";"-36";"-81"
"2493";"2021-10-06 02:23:24";"-75";"-36";"-77"
"2494";"2021-10-06 02:23:25";"-74";"-36";"-78"
"2495";"2021-10-06 02:23:26";"-78";"-37";"-78"
"2496";"2021-10-06 02:23:27";"-77";"-37";"-78"
"2497";"2021-10-06 02:23:28";"-78";"-36";"-79"
"2498";"2021-10-06 02:23:29";"-74";"-37";"-79"
"2499";"2021-10-06 02:23:30";"-77";"-36";"-82"
"2500";"2021-10-06 02:23:31";"-80";"-36";"-78"
"2501";"2021-10-06 02:23:32";"-75";"-36";"-82"
"2502";"2021-10-06 02:23:33";"-74";"-37";"-78"
"2503";"2021-10-06 02:23:34";"-74";"-37";"-79"
"2504";"2021-10-06 02:23:59";"-74";"-36";"-78"
"2505";"2021-10-06 02:24:00";"-74";"-36";"-78"
"2506";"2021-10-06 02:24:01";"-79";"-37";"-79"
"2507";"2021-10-06 02:24:02";"-75";"-36";"-77"
"2508";"2021-10-06 02:24:03";"-74";"-37";"-78"
"2509";"2021-10-06 02:24:04";"-74";"-37";"-79"
"2510";"2021-10-06 02:24:05";"-75";"-37";"-79"
"2511";"2021-10-06 02:24:06";"-74";"-38";"-78"
"2512";"2021-10-06 02:24:07";"-75";"-37";"-83"
"2513";"2021-10-06 02:24:08";"-77";"-37";"-78"
"2514";"2021-10-06 02:24:09";"-75";"-37";"-78"
"2515";"2021-10-06 02:24:10";"-77";"-36";"-78"
"2516";"2021-10-06 02:24:11";"-77";"-36";"-79"
"2517";"2021-10-06 02:24:12";"-74";"-37";"-79"
"2518";"2021-10-06 02:24:13";"-74";"-36";"-82"
"2519";"2021-10-06 02:24:14";"-74";"-37";"-77"
"2520";"2021-10-06 02:24:15";"-77";"-37";"-78"
"2521";"2021-10-06 02:24:16";"-76";"-37";"-77"
"2522";"2021-10-06 02:24:17";"-77";"-37";"-78"
"2523";"2021-10-06 02:24:18";"-74";"-37";"-78"
"2524";"2021-10-06 02:24:19";"-79";"-37";"-79"
"2525";"2021-10-06 02:24:20";"-77";"-36";"-78"
"2526";"2021-10-06 02:24:21";"-74";"-37";"-78"
"2527";"2021-10-06 02:24:22";"-74";"-37";"-82"
"2528";"2021-10-06 02:24:23";"-74";"-36";"-78"
"2529";"2021-10-06 02:24:24";"-74";"-37";"-78"
"2530";"2021-10-06 02:24:25";"-74";"-36";"-78"
"2531";"2021-10-06 02:24:50";"-77";"-38";"-78"
"2532";"2021-10-06 02:24:51";"-78";"-36";"-83"
"2533";"2021-10-06 02:24:52";"-74";"-38";"-78"
"2534";"2021-10-06 02:24:53";"-77";"-38";"-82"
"2535";"2021-10-06 02:24:54";"-74";"-38";"-79"
"2536";"2021-10-06 02:24:55";"-77";"-36";"-78"
"2537";"2021-10-06 02:24:56";"-74";"-37";"-82"
"2538";"2021-10-06 02:24:57";"-77";"-36";"-81"
"2539";"2021-10-06 02:24:58";"-74";"-37";"-78"
"2540";"2021-10-06 02:24:59";"-74";"-36";"-83"
"2541";"2021-10-06 02:25:00";"-74";"-36";"-83"
"2542";"2021-10-06 02:25:01";"-74";"-36";"-78"
"2543";"2021-10-06 02:25:02";"-74";"-37";"-78"
"2544";"2021-10-06 02:25:03";"-76";"-38";"-78"
"2545";"2021-10-06 02:25:04";"-74";"-37";"-79"
"2546";"2021-10-06 02:25:05";"-79";"-36";"-78"
"2547";"2021-10-06 02:25:06";"-75";"-38";"-78"
"2548";"2021-10-06 02:25:07";"-78";"-36";"-82"
"2549";"2021-10-06 02:25:08";"-74";"-36";"-82"
"2550";"2021-10-06 02:25:09";"-77";"-37";"-79"
"2551";"2021-10-06 02:25:10";"-74";"-36";"-78"
"2552";"2021-10-06 02:25:11";"-74";"-37";"-78"
"2553";"2021-10-06 02:25:12";"-74";"-36";"-78"
"2554";"2021-10-06 02:25:13";"-77";"-36";"-78"
"2555";"2021-10-06 02:25:14";"-74";"-37";"-78"
"2556";"2021-10-06 02:25:42";"-78";"-37";"-78"
"2557";"2021-10-06 02:25:43";"-77";"-36";"-78"
"2558";"2021-10-06 02:25:44";"-75";"-38";"-78"
"2559";"2021-10-06 02:25:45";"-74";"-37";"-83"
"2560";"2021-10-06 02:25:46";"-78";"-36";"-78"
"2561";"2021-10-06 02:25:47";"-78";"-36";"-79"
"2562";"2021-10-06 02:25:48";"-77";"-36";"-82"
"2563";"2021-10-06 02:25:49";"-74";"-37";"-78"
"2564";"2021-10-06 02:25:50";"-74";"-37";"-78"
"2565";"2021-10-06 02:25:51";"-75";"-36";"-78"
"2566";"2021-10-06 02:25:52";"-74";"-37";"-78"
"2567";"2021-10-06 02:25:53";"-74";"-36";"-78"
"2568";"2021-10-06 02:25:54";"-74";"-37";"-78"
"2569";"2021-10-06 02:25:55";"-79";"-41";"-82"
"2570";"2021-10-06 02:25:56";"-74";"-36";"-78"
"2571";"2021-10-06 02:25:57";"-74";"-37";"-82"
"2572";"2021-10-06 02:25:58";"-77";"-36";"-78"
"2573";"2021-10-06 02:25:59";"-77";"-36";"-78"
"2574";"2021-10-06 02:26:00";"-77";"-36";"-82"
"2575";"2021-10-06 02:26:01";"-75";"-36";"-78"
"2576";"2021-10-06 02:26:02";"-76";"-36";"-77"
"2577";"2021-10-06 02:26:03";"-79";"-37";"-83"
"2578";"2021-10-06 02:26:04";"-77";"-36";"-83"
"2579";"2021-10-06 02:26:05";"-77";"-37";"-83"
"2580";"2021-10-06 02:26:06";"-74";"-37";"-83"
"2581";"2021-10-06 02:26:07";"-74";"-37";"-78"
"2582";"2021-10-06 02:26:08";"-77";"-36";"-82"
"2583";"2021-10-06 02:26:09";"-76";"-36";"-82"
"2584";"2021-10-06 02:26:10";"-74";"-36";"-78"
"2585";"2021-10-06 02:26:11";"-78";"-41";"-79"
"2586";"2021-10-06 02:26:36";"-75";"-37";"-78"
"2587";"2021-10-06 02:26:37";"-74";"-37";"-78"
"2588";"2021-10-06 02:26:38";"-77";"-36";"-78"
"2589";"2021-10-06 02:26:39";"-74";"-37";"-79"
"2590";"2021-10-06 02:26:40";"-76";"-36";"-78"
"2591";"2021-10-06 02:26:41";"-74";"-37";"-78"
"2592";"2021-10-06 02:26:42";"-74";"-36";"-79"
"2593";"2021-10-06 02:26:43";"-77";"-36";"-79"
"2594";"2021-10-06 02:26:44";"-74";"-36";"-79"
"2595";"2021-10-06 02:26:45";"-75";"-37";"-78"
"2596";"2021-10-06 02:26:46";"-75";"-37";"-78"
"2597";"2021-10-06 02:26:47";"-74";"-37";"-78"
"2598";"2021-10-06 02:26:48";"-78";"-37";"-78"
"2599";"2021-10-06 02:26:49";"-74";"-37";"-78"
"2600";"2021-10-06 02:26:50";"-77";"-36";"-78"
"2601";"2021-10-06 02:26:51";"-77";"-36";"-78"
"2602";"2021-10-06 02:26:52";"-77";"-36";"-78"
"2603";"2021-10-06 02:26:53";"-76";"-36";"-83"
"2604";"2021-10-06 02:26:54";"-77";"-36";"-78"
"2605";"2021-10-06 02:26:55";"-74";"-37";"-82"
"2606";"2021-10-06 02:26:56";"-78";"-38";"-82"
"2607";"2021-10-06 02:26:57";"-77";"-36";"-82"
"2608";"2021-10-06 02:26:58";"-78";"-36";"-84"
"2609";"2021-10-06 02:26:59";"-78";"-37";"-79"
"2610";"2021-10-06 02:27:00";"-74";"-37";"-78"
"2611";"2021-10-06 02:27:01";"-77";"-36";"-78"
"2612";"2021-10-06 02:27:02";"-74";"-36";"-82"
"2613";"2021-10-06 02:27:03";"-78";"-36";"-79"
"2614";"2021-10-06 02:27:04";"-73";"-37";"-79"
"2615";"2021-10-06 02:27:29";"-75";"-37";"-78"
"2616";"2021-10-06 02:27:30";"-76";"-41";"-82"
"2617";"2021-10-06 02:27:31";"-74";"-37";"-78"
"2618";"2021-10-06 02:27:32";"-74";"-36";"-79"
"2619";"2021-10-06 02:27:33";"-76";"-36";"-79"
"2620";"2021-10-06 02:27:34";"-76";"-36";"-82"
"2621";"2021-10-06 02:27:35";"-74";"-38";"-79"
"2622";"2021-10-06 02:27:36";"-74";"-36";"-82"
"2623";"2021-10-06 02:27:37";"-73";"-38";"-82"
"2624";"2021-10-06 02:27:38";"-74";"-37";"-78"
"2625";"2021-10-06 02:27:39";"-74";"-36";"-81"
"2626";"2021-10-06 02:27:40";"-78";"-38";"-82"
"2627";"2021-10-06 02:27:41";"-77";"-36";"-78"
"2628";"2021-10-06 02:27:42";"-74";"-37";"-81"
"2629";"2021-10-06 02:27:43";"-74";"-37";"-78"
"2630";"2021-10-06 02:27:44";"-77";"-36";"-82"
"2631";"2021-10-06 02:27:45";"-74";"-36";"-78"
"2632";"2021-10-06 02:27:46";"-75";"-41";"-78"
"2633";"2021-10-06 02:27:47";"-74";"-37";"-82"
"2634";"2021-10-06 02:27:48";"-75";"-36";"-82"
"2635";"2021-10-06 02:27:49";"-73";"-37";"-79"
"2636";"2021-10-06 02:27:50";"-74";"-37";"-78"
"2637";"2021-10-06 02:27:51";"-77";"-36";"-82"
"2638";"2021-10-06 02:27:52";"-78";"-36";"-79"
"2639";"2021-10-06 02:27:53";"-73";"-37";"-81"
"2640";"2021-10-06 02:27:54";"-78";"-41";"-82"
"2641";"2021-10-06 02:27:55";"-77";"-36";"-78"
"2642";"2021-10-06 02:27:56";"-77";"-36";"-78"
"2643";"2021-10-06 02:27:57";"-77";"-36";"-79"
"2644";"2021-10-06 02:27:58";"-74";"-37";"-79"
"2645";"2021-10-06 02:27:59";"-74";"-36";"-82"
"2646";"2021-10-06 02:28:29";"-74";"-37";"-79"
"2647";"2021-10-06 02:28:29";"-75";"-36";"-77"
"2648";"2021-10-06 02:28:30";"-77";"-36";"-82"
"2649";"2021-10-06 02:28:31";"-78";"-37";"-78"
"2650";"2021-10-06 02:28:32";"-74";"-36";"-78"
"2651";"2021-10-06 02:28:33";"-74";"-37";"-78"
"2652";"2021-10-06 02:28:34";"-74";"-37";"-78"
"2653";"2021-10-06 02:28:35";"-74";"-38";"-83"
"2654";"2021-10-06 02:28:36";"-74";"-37";"-82"
"2655";"2021-10-06 02:28:37";"-74";"-36";"-78"
"2656";"2021-10-06 02:28:38";"-74";"-37";"-78"
"2657";"2021-10-06 02:28:39";"-77";"-36";"-78"
"2658";"2021-10-06 02:28:40";"-74";"-37";"-78"
"2659";"2021-10-06 02:28:41";"-77";"-36";"-78"
"2660";"2021-10-06 02:28:42";"-77";"-38";"-78"
"2661";"2021-10-06 02:28:43";"-78";"-36";"-83"
"2662";"2021-10-06 02:28:44";"-74";"-36";"-82"
"2663";"2021-10-06 02:28:45";"-77";"-36";"-78"
"2664";"2021-10-06 02:28:46";"-77";"-36";"-78"
"2665";"2021-10-06 02:28:47";"-77";"-36";"-79"
"2666";"2021-10-06 02:28:48";"-75";"-37";"-82"
"2667";"2021-10-06 02:28:49";"-77";"-36";"-83"
"2668";"2021-10-06 02:28:50";"-77";"-36";"-78"
"2669";"2021-10-06 02:28:51";"-77";"-36";"-80"
"2670";"2021-10-06 02:28:52";"-78";"-36";"-82"
"2671";"2021-10-06 02:29:24";"-78";"-36";"-82"
"2672";"2021-10-06 02:29:24";"-75";"-36";"-78"
"2673";"2021-10-06 02:29:25";"-75";"-38";"-78"
"2674";"2021-10-06 02:29:26";"-77";"-36";"-78"
"2675";"2021-10-06 02:29:27";"-77";"-36";"-78"
"2676";"2021-10-06 02:29:28";"-74";"-37";"-78"
"2677";"2021-10-06 02:29:29";"-77";"-36";"-78"
"2678";"2021-10-06 02:29:30";"-74";"-37";"-79"
"2679";"2021-10-06 02:29:31";"-77";"-36";"-78"
"2680";"2021-10-06 02:29:32";"-76";"-36";"-78"
"2681";"2021-10-06 02:29:33";"-78";"-36";"-78"
"2682";"2021-10-06 02:29:34";"-74";"-37";"-82"
"2683";"2021-10-06 02:29:35";"-74";"-36";"-78"
"2684";"2021-10-06 02:29:36";"-78";"-36";"-79"
"2685";"2021-10-06 02:29:37";"-75";"-37";"-79"
"2686";"2021-10-06 02:29:38";"-79";"-36";"-78"
"2687";"2021-10-06 02:29:39";"-74";"-37";"-83"
"2688";"2021-10-06 02:29:40";"-74";"-37";"-78"
"2689";"2021-10-06 02:29:41";"-77";"-37";"-79"
"2690";"2021-10-06 02:29:42";"-74";"-38";"-78"
"2691";"2021-10-06 02:29:43";"-77";"-36";"-83"
"2692";"2021-10-06 02:29:44";"-74";"-37";"-78"
"2693";"2021-10-06 02:29:45";"-74";"-36";"-79"
