"13945";"2021-10-07 03:22:34";"-67";"-85";"-77"
"13946";"2021-10-07 03:22:34";"-67";"-74";"-87"
"13947";"2021-10-07 03:22:35";"-68";"-74";"-86"
"13948";"2021-10-07 03:22:36";"-68";"-73";"-77"
"13949";"2021-10-07 03:22:37";"-67";"-74";"-80"
"13950";"2021-10-07 03:22:38";"-67";"-75";"-86"
"13951";"2021-10-07 03:22:39";"-67";"-75";"-87"
"13952";"2021-10-07 03:22:41";"-67";"-74";"-87"
"13953";"2021-10-07 03:22:42";"-68";"-74";"-76"
"13954";"2021-10-07 03:22:43";"-67";"-73";"-77"
"13955";"2021-10-07 03:22:44";"-60";"-75";"-86"
"13956";"2021-10-07 03:22:45";"-67";"-74";"-86"
"13957";"2021-10-07 03:22:46";"-68";"-75";"-77"
"13958";"2021-10-07 03:22:47";"-67";"-73";"-80"
"13959";"2021-10-07 03:22:48";"-67";"-73";"-87"
"13960";"2021-10-07 03:22:49";"-67";"-73";"-85"
"13961";"2021-10-07 03:22:50";"-68";"-75";"-77"
"13962";"2021-10-07 03:22:51";"-68";"-75";"-80"
"13963";"2021-10-07 03:22:52";"-67";"-74";"-86"
"13964";"2021-10-07 03:22:53";"-66";"-73";"-87"
"13965";"2021-10-07 03:22:54";"-67";"-74";"-87"
"13966";"2021-10-07 03:22:55";"-67";"-75";"-87"
"13967";"2021-10-07 03:22:56";"-68";"-73";"-86"
"13968";"2021-10-07 03:22:57";"-68";"-74";"-80"
"13969";"2021-10-07 03:23:12";"-58";"-74";"-77"
"13970";"2021-10-07 03:23:33";"-68";"-75";"-78"
"13971";"2021-10-07 03:23:34";"-68";"-75";"-87"
"13972";"2021-10-07 03:23:35";"-62";"-86";"-77"
"13973";"2021-10-07 03:23:36";"-59";"-73";"-80"
"13974";"2021-10-07 03:23:37";"-67";"-74";"-79"
"13975";"2021-10-07 03:23:38";"-68";"-75";"-86"
"13976";"2021-10-07 03:23:39";"-67";"-87";"-76"
"13977";"2021-10-07 03:23:40";"-62";"-87";"-87"
"13978";"2021-10-07 03:23:41";"-68";"-75";"-79"
"13979";"2021-10-07 03:23:42";"-68";"-74";"-87"
"13980";"2021-10-07 03:23:43";"-58";"-74";"-77"
"13981";"2021-10-07 03:24:34";"-61";"-75";"-79"
"13982";"2021-10-07 03:24:35";"-68";"-73";"-77"
"13983";"2021-10-07 03:24:36";"-58";"-74";"-79"
"13984";"2021-10-07 03:24:37";"-67";"-74";"-87"
"13985";"2021-10-07 03:24:38";"-68";"-75";"-79"
"13986";"2021-10-07 03:24:39";"-67";"-73";"-76"
"13987";"2021-10-07 03:24:40";"-59";"-86";"-79"
"13988";"2021-10-07 03:24:41";"-68";"-75";"-76"
"13989";"2021-10-07 03:24:42";"-67";"-73";"-87"
"13990";"2021-10-07 03:25:11";"-68";"-73";"-86"
"13991";"2021-10-07 03:25:11";"-67";"-74";"-86"
"13992";"2021-10-07 03:25:12";"-67";"-74";"-77"
"13993";"2021-10-07 03:25:38";"-67";"-75";"-76"
"13994";"2021-10-07 03:25:39";"-66";"-74";"-78"
"13995";"2021-10-07 03:25:40";"-67";"-74";"-85"
"13996";"2021-10-07 03:26:15";"-67";"-75";"-87"
"13997";"2021-10-07 03:26:37";"-68";"-74";"-81"
"13998";"2021-10-07 03:26:38";"-68";"-78";"-78"
"13999";"2021-10-07 03:26:39";"-68";"-77";"-77"
"14000";"2021-10-07 03:26:40";"-68";"-91";"-84"
"14001";"2021-10-07 03:27:03";"-67";"-79";"-76"
"14002";"2021-10-07 03:27:03";"-68";"-79";"-78"
"14003";"2021-10-07 03:27:04";"-68";"-73";"-76"
"14004";"2021-10-07 03:27:05";"-68";"-78";"-85"
"14005";"2021-10-07 03:27:06";"-67";"-74";"-78"
"14006";"2021-10-07 03:27:07";"-67";"-74";"-76"
"14007";"2021-10-07 03:27:08";"-67";"-73";"-76"
"14008";"2021-10-07 03:27:09";"-67";"-74";"-85"
"14009";"2021-10-07 03:27:10";"-68";"-74";"-79"
"14010";"2021-10-07 03:27:11";"-67";"-73";"-79"
"14011";"2021-10-07 03:27:12";"-67";"-73";"-85"
"14012";"2021-10-07 03:27:13";"-67";"-73";"-78"
"14013";"2021-10-07 03:27:14";"-68";"-79";"-85"
"14014";"2021-10-07 03:27:16";"-68";"-79";"-85"
"14015";"2021-10-07 03:27:17";"-68";"-79";"-75"
"14016";"2021-10-07 03:27:18";"-68";"-79";"-78"
"14017";"2021-10-07 03:27:19";"-60";"-77";"-76"
"14018";"2021-10-07 03:27:20";"-67";"-78";"-78"
"14019";"2021-10-07 03:27:21";"-67";"-77";"-85"
"14020";"2021-10-07 03:27:22";"-67";"-78";"-85"
"14021";"2021-10-07 03:27:23";"-67";"-78";"-80"
"14022";"2021-10-07 03:27:24";"-68";"-79";"-79"
"14023";"2021-10-07 03:27:25";"-67";"-79";"-79"
"14024";"2021-10-07 03:27:26";"-67";"-79";"-85"
"14025";"2021-10-07 03:27:27";"-68";"-79";"-84"
"14026";"2021-10-07 03:27:28";"-67";"-73";"-76"
"14027";"2021-10-07 03:27:29";"-59";"-77";"-79"
"14028";"2021-10-07 03:27:30";"-66";"-73";"-76"
"14029";"2021-10-07 03:28:00";"-68";"-73";"-78"
"14030";"2021-10-07 03:28:00";"-66";"-74";"-79"
"14031";"2021-10-07 03:28:01";"-68";"-76";"-84"
"14032";"2021-10-07 03:28:02";"-67";"-78";"-85"
"14033";"2021-10-07 03:28:17";"-67";"-73";"-75"
"14034";"2021-10-07 03:28:18";"-68";"-79";"-76"
"14035";"2021-10-07 03:28:19";"-67";"-73";"-78"
"14036";"2021-10-07 03:28:20";"-67";"-73";"-85"
"14037";"2021-10-07 03:28:21";"-67";"-77";"-76"
"14038";"2021-10-07 03:28:22";"-67";"-74";"-76"
"14039";"2021-10-07 03:28:23";"-68";"-79";"-78"
"14040";"2021-10-07 03:28:24";"-67";"-73";"-79"
"14041";"2021-10-07 03:28:25";"-67";"-74";"-76"
"14042";"2021-10-07 03:28:26";"-68";"-78";"-76"
"14043";"2021-10-07 03:28:27";"-68";"-78";"-76"
"14044";"2021-10-07 03:28:28";"-67";"-79";"-85"
"14045";"2021-10-07 03:28:29";"-67";"-79";"-80"
"14046";"2021-10-07 03:28:30";"-67";"-74";"-84"
"14047";"2021-10-07 03:28:31";"-67";"-78";"-85"
"14048";"2021-10-07 03:29:12";"-68";"-73";"-85"
"14049";"2021-10-07 03:29:13";"-67";"-78";"-77"
"14050";"2021-10-07 03:29:14";"-67";"-79";"-85"
"14051";"2021-10-07 03:29:15";"-67";"-78";"-85"
"14052";"2021-10-07 03:29:16";"-59";"-77";"-79"
"14053";"2021-10-07 03:29:17";"-68";"-74";"-86"
"14054";"2021-10-07 03:29:18";"-68";"-78";"-77"
"14055";"2021-10-07 03:29:19";"-67";"-73";"-85"
"14056";"2021-10-07 03:29:20";"-67";"-76";"-77"
"14057";"2021-10-07 03:29:21";"-68";"-78";"-79"
"14058";"2021-10-07 03:29:22";"-67";"-74";"-79"
"14059";"2021-10-07 03:29:23";"-68";"-78";"-86"
"14060";"2021-10-07 03:29:24";"-67";"-80";"-85"
"14061";"2021-10-07 03:29:25";"-68";"-73";"-77"
"14062";"2021-10-07 03:29:26";"-58";"-74";"-77"
"14063";"2021-10-07 03:29:27";"-67";"-73";"-77"
"14064";"2021-10-07 03:29:28";"-67";"-78";"-86"
"14065";"2021-10-07 03:29:29";"-59";"-73";"-79"
"14066";"2021-10-07 03:29:30";"-67";"-78";"-86"
"14067";"2021-10-07 03:29:31";"-67";"-76";"-77"
"14068";"2021-10-07 03:29:32";"-59";"-78";"-78"
"14069";"2021-10-07 03:29:33";"-68";"-78";"-79"
"14070";"2021-10-07 03:30:11";"-67";"-78";"-78"
"14071";"2021-10-07 03:30:11";"-67";"-73";"-76"
"14072";"2021-10-07 03:30:12";"-67";"-78";"-76"
"14073";"2021-10-07 03:30:13";"-67";"-78";"-85"
"14074";"2021-10-07 03:30:15";"-67";"-74";"-76"
"14075";"2021-10-07 03:30:16";"-67";"-74";"-78"
"14076";"2021-10-07 03:30:17";"-59";"-76";"-76"
"14077";"2021-10-07 03:30:18";"-67";"-79";"-76"
"14078";"2021-10-07 03:30:19";"-68";"-78";"-76"
"14079";"2021-10-07 03:30:20";"-68";"-78";"-76"
"14080";"2021-10-07 03:30:21";"-67";"-79";"-84"
"14081";"2021-10-07 03:30:22";"-67";"-74";"-76"
"14082";"2021-10-07 03:30:23";"-67";"-73";"-85"
"14083";"2021-10-07 03:30:24";"-67";"-78";"-85"
"14084";"2021-10-07 03:30:25";"-68";"-79";"-86"
"14085";"2021-10-07 03:30:26";"-60";"-77";"-85"
"14086";"2021-10-07 03:30:27";"-67";"-73";"-85"
"14087";"2021-10-07 03:30:28";"-68";"-73";"-76"
"14088";"2021-10-07 03:30:29";"-67";"-73";"-76"
"14089";"2021-10-07 03:30:30";"-67";"-73";"-76"
"14090";"2021-10-07 03:30:31";"-68";"-73";"-85"
"14091";"2021-10-07 03:30:32";"-67";"-73";"-77"
"14092";"2021-10-07 03:30:57";"-67";"-78";"-78"
"14093";"2021-10-07 03:30:57";"-67";"-74";"-76"
"14094";"2021-10-07 03:30:58";"-67";"-74";"-84"
"14095";"2021-10-07 03:31:00";"-67";"-74";"-84"
"14096";"2021-10-07 03:31:01";"-67";"-74";"-78"
"14097";"2021-10-07 03:31:02";"-67";"-74";"-76"
"14098";"2021-10-07 03:31:03";"-59";"-76";"-77"
"14099";"2021-10-07 03:31:04";"-67";"-74";"-76"
"14100";"2021-10-07 03:31:05";"-67";"-74";"-77"
"14101";"2021-10-07 03:31:06";"-68";"-79";"-77"
"14102";"2021-10-07 03:31:07";"-67";"-78";"-85"
"14103";"2021-10-07 03:31:08";"-61";"-76";"-78"
"14104";"2021-10-07 03:31:09";"-68";"-78";"-85"
"14105";"2021-10-07 03:31:10";"-67";"-78";"-76"
"14106";"2021-10-07 03:31:11";"-67";"-74";"-84"
"14107";"2021-10-07 03:31:12";"-67";"-74";"-84"
"14108";"2021-10-07 03:31:13";"-67";"-73";"-79"
"14109";"2021-10-07 03:31:14";"-67";"-79";"-76"
"14110";"2021-10-07 03:31:15";"-61";"-77";"-76"
"14111";"2021-10-07 03:31:16";"-67";"-74";"-84"
"14112";"2021-10-07 03:31:17";"-68";"-74";"-76"
"14113";"2021-10-07 03:31:18";"-67";"-77";"-84"
"14114";"2021-10-07 03:31:19";"-68";"-74";"-76"
"14115";"2021-10-07 03:31:20";"-67";"-77";"-78"
"14116";"2021-10-07 03:31:21";"-67";"-79";"-85"
"14117";"2021-10-07 03:31:22";"-68";"-78";"-76"
"14118";"2021-10-07 03:31:23";"-68";"-73";"-76"
"14119";"2021-10-07 03:31:24";"-67";"-73";"-76"
"14120";"2021-10-07 03:31:25";"-68";"-79";"-78"
"14121";"2021-10-07 03:31:26";"-67";"-74";"-78"
"14122";"2021-10-07 03:31:27";"-67";"-73";"-77"
"14123";"2021-10-07 03:31:28";"-67";"-74";"-76"
"14124";"2021-10-07 03:31:29";"-67";"-77";"-76"
"14125";"2021-10-07 03:32:09";"-68";"-74";"-76"
"14126";"2021-10-07 03:32:09";"-67";"-74";"-83"
"14127";"2021-10-07 03:32:10";"-68";"-79";"-85"
"14128";"2021-10-07 03:32:11";"-67";"-73";"-83"
"14129";"2021-10-07 03:32:12";"-67";"-73";"-84"
"14130";"2021-10-07 03:32:13";"-68";"-79";"-76"
"14131";"2021-10-07 03:32:14";"-68";"-74";"-84"
"14132";"2021-10-07 03:32:15";"-68";"-73";"-76"
"14133";"2021-10-07 03:32:16";"-68";"-73";"-77"
"14134";"2021-10-07 03:32:17";"-67";"-78";"-78"
"14135";"2021-10-07 03:32:18";"-68";"-74";"-84"
"14136";"2021-10-07 03:32:19";"-60";"-74";"-78"
"14137";"2021-10-07 03:32:20";"-68";"-73";"-78"
"14138";"2021-10-07 03:32:21";"-67";"-78";"-78"
"14139";"2021-10-07 03:32:22";"-67";"-73";"-84"
"14140";"2021-10-07 03:32:23";"-67";"-74";"-76"
"14141";"2021-10-07 03:32:25";"-68";"-79";"-76"
"14142";"2021-10-07 03:32:26";"-68";"-73";"-78"
"14143";"2021-10-07 03:32:27";"-60";"-76";"-85"
"14144";"2021-10-07 03:32:28";"-67";"-74";"-76"
"14145";"2021-10-07 03:32:29";"-67";"-79";"-84"
"14146";"2021-10-07 03:32:30";"-67";"-76";"-76"
"14147";"2021-10-07 03:32:31";"-68";"-79";"-76"
"14148";"2021-10-07 03:32:32";"-67";"-74";"-85"
"14149";"2021-10-07 03:32:33";"-68";"-79";"-76"
"14150";"2021-10-07 03:33:04";"-67";"-74";"-84"
"14151";"2021-10-07 03:33:04";"-67";"-80";"-76"
"14152";"2021-10-07 03:33:05";"-68";"-78";"-76"
"14153";"2021-10-07 03:33:06";"-68";"-73";"-78"
"14154";"2021-10-07 03:33:07";"-67";"-74";"-76"
"14155";"2021-10-07 03:33:09";"-68";"-79";"-84"
"14156";"2021-10-07 03:33:10";"-68";"-73";"-85"
"14157";"2021-10-07 03:33:11";"-68";"-78";"-76"
"14158";"2021-10-07 03:33:12";"-59";"-74";"-78"
"14159";"2021-10-07 03:33:13";"-67";"-79";"-84"
"14160";"2021-10-07 03:33:14";"-67";"-74";"-78"
"14161";"2021-10-07 03:33:15";"-67";"-77";"-76"
"14162";"2021-10-07 03:33:16";"-59";"-79";"-84"
"14163";"2021-10-07 03:33:17";"-68";"-79";"-76"
"14164";"2021-10-07 03:33:18";"-67";"-73";"-77"
"14165";"2021-10-07 03:33:19";"-68";"-74";"-76"
"14166";"2021-10-07 03:33:20";"-67";"-74";"-76"
"14167";"2021-10-07 03:33:21";"-68";"-79";"-78"
"14168";"2021-10-07 03:33:22";"-68";"-79";"-84"
"14169";"2021-10-07 03:33:23";"-67";"-76";"-84"
"14170";"2021-10-07 03:33:24";"-67";"-73";"-76"
"14171";"2021-10-07 03:33:25";"-61";"-73";"-76"
"14172";"2021-10-07 03:33:26";"-68";"-79";"-79"
"14173";"2021-10-07 03:33:27";"-67";"-74";"-78"
"14174";"2021-10-07 03:33:28";"-67";"-79";"-78"
"14175";"2021-10-07 03:33:29";"-68";"-79";"-79"
"14176";"2021-10-07 03:33:30";"-67";"-78";"-76"
"14177";"2021-10-07 03:33:31";"-67";"-78";"-84"
"14178";"2021-10-07 03:33:32";"-67";"-74";"-79"
"14179";"2021-10-07 03:33:33";"-68";"-73";"-86"
"14180";"2021-10-07 03:34:04";"-59";"-73";"-79"
"14181";"2021-10-07 03:34:05";"-68";"-73";"-79"
"14182";"2021-10-07 03:34:06";"-68";"-77";"-78"
"14183";"2021-10-07 03:34:07";"-67";"-78";"-77"
"14184";"2021-10-07 03:34:08";"-68";"-78";"-77"
"14185";"2021-10-07 03:34:09";"-67";"-73";"-77"
"14186";"2021-10-07 03:34:10";"-67";"-79";"-86"
"14187";"2021-10-07 03:34:11";"-67";"-74";"-80"
"14188";"2021-10-07 03:34:12";"-68";"-73";"-85"
"14189";"2021-10-07 03:34:13";"-68";"-79";"-79"
"14190";"2021-10-07 03:34:14";"-67";"-74";"-85"
"14191";"2021-10-07 03:34:15";"-67";"-74";"-79"
"14192";"2021-10-07 03:34:16";"-68";"-73";"-85"
"14193";"2021-10-07 03:34:17";"-67";"-73";"-77"
"14194";"2021-10-07 03:34:18";"-67";"-78";"-85"
"14195";"2021-10-07 03:34:19";"-62";"-77";"-78"
"14196";"2021-10-07 03:34:20";"-60";"-77";"-85"
"14197";"2021-10-07 03:34:21";"-67";"-77";"-85"
"14198";"2021-10-07 03:34:22";"-60";"-77";"-77"
"14199";"2021-10-07 03:34:23";"-61";"-77";"-77"
"14200";"2021-10-07 03:34:24";"-67";"-73";"-77"
"14201";"2021-10-07 03:34:25";"-67";"-73";"-80"
"14202";"2021-10-07 03:34:26";"-67";"-74";"-85"
"14203";"2021-10-07 03:34:27";"-68";"-77";"-86"
"14204";"2021-10-07 03:34:28";"-67";"-73";"-79"
"14205";"2021-10-07 03:34:29";"-68";"-77";"-77"
"14206";"2021-10-07 03:34:30";"-68";"-79";"-77"
"14207";"2021-10-07 03:34:31";"-68";"-74";"-78"
"14208";"2021-10-07 03:34:32";"-68";"-79";"-86"
"14209";"2021-10-07 03:34:33";"-67";"-74";"-85"
"14210";"2021-10-07 03:34:35";"-68";"-80";"-84"
"14211";"2021-10-07 03:34:36";"-68";"-73";"-77"
"14212";"2021-10-07 03:35:03";"-68";"-77";"-77"
"14213";"2021-10-07 03:35:03";"-59";"-76";"-79"
"14214";"2021-10-07 03:35:18";"-68";"-77";"-85"
"14215";"2021-10-07 03:35:18";"-67";"-77";"-77"
"14216";"2021-10-07 03:35:19";"-67";"-78";"-77"
"14217";"2021-10-07 03:35:20";"-68";"-79";"-77"
"14218";"2021-10-07 03:35:22";"-68";"-73";"-77"
"14219";"2021-10-07 03:35:23";"-67";"-74";"-85"
"14220";"2021-10-07 03:35:24";"-67";"-73";"-85"
"14221";"2021-10-07 03:35:25";"-67";"-79";"-85"
"14222";"2021-10-07 03:35:26";"-67";"-79";"-79"
"14223";"2021-10-07 03:35:27";"-67";"-73";"-86"
"14224";"2021-10-07 03:35:28";"-67";"-73";"-77"
"14225";"2021-10-07 03:35:29";"-67";"-73";"-79"
"14226";"2021-10-07 03:35:30";"-68";"-79";"-86"
"14227";"2021-10-07 03:35:31";"-67";"-78";"-77"
"14228";"2021-10-07 03:35:32";"-67";"-73";"-77"
"14229";"2021-10-07 03:35:33";"-68";"-78";"-79"
"14230";"2021-10-07 03:35:34";"-67";"-73";"-79"
"14231";"2021-10-07 03:35:35";"-68";"-78";"-80"
"14232";"2021-10-07 03:35:36";"-68";"-74";"-77"
"14233";"2021-10-07 03:36:14";"-67";"-73";"-86"
"14234";"2021-10-07 03:36:15";"-67";"-74";"-77"
"14235";"2021-10-07 03:36:16";"-68";"-73";"-79"
"14236";"2021-10-07 03:36:17";"-68";"-73";"-79"
"14237";"2021-10-07 03:36:18";"-68";"-78";"-86"
"14238";"2021-10-07 03:36:19";"-58";"-73";"-77"
"14239";"2021-10-07 03:36:20";"-68";"-73";"-85"
"14240";"2021-10-07 03:36:21";"-62";"-79";"-86"
"14241";"2021-10-07 03:36:22";"-67";"-78";"-77"
"14242";"2021-10-07 03:36:36";"-67";"-77";"-85"
"14243";"2021-10-07 03:36:36";"-68";"-73";"-85"
"14244";"2021-10-07 03:36:38";"-67";"-78";"-86"
"14245";"2021-10-07 03:36:39";"-67";"-74";"-77"
"14246";"2021-10-07 03:37:04";"-68";"-78";"-85"
"14247";"2021-10-07 03:37:05";"-59";"-73";"-85"
"14248";"2021-10-07 03:37:06";"-67";"-78";"-79"
"14249";"2021-10-07 03:37:07";"-68";"-78";"-80"
"14250";"2021-10-07 03:37:08";"-68";"-74";"-85"
"14251";"2021-10-07 03:37:34";"-67";"-77";"-77"
"14252";"2021-10-07 03:37:35";"-67";"-79";"-86"
"14253";"2021-10-07 03:37:36";"-68";"-73";"-77"
"14254";"2021-10-07 03:37:37";"-68";"-78";"-85"
"14255";"2021-10-07 03:37:38";"-58";"-77";"-80"
"14256";"2021-10-07 03:37:39";"-67";"-77";"-77"
"14257";"2021-10-07 03:37:40";"-68";"-78";"-86"
"14258";"2021-10-07 03:38:18";"-68";"-77";"-79"
"14259";"2021-10-07 03:38:19";"-59";"-76";"-79"
"14260";"2021-10-07 03:38:20";"-67";"-73";"-77"
"14261";"2021-10-07 03:38:21";"-67";"-79";"-79"
"14262";"2021-10-07 03:38:22";"-67";"-73";"-77"
"14263";"2021-10-07 03:38:23";"-67";"-78";"-85"
"14264";"2021-10-07 03:38:24";"-67";"-78";"-77"
"14265";"2021-10-07 03:38:25";"-67";"-78";"-78"
"14266";"2021-10-07 03:38:26";"-68";"-74";"-80"
"14267";"2021-10-07 03:38:27";"-67";"-73";"-77"
"14268";"2021-10-07 03:38:28";"-68";"-79";"-86"
"14269";"2021-10-07 03:38:29";"-68";"-73";"-77"
"14270";"2021-10-07 03:38:30";"-67";"-77";"-86"
"14271";"2021-10-07 03:38:31";"-59";"-74";"-79"
"14272";"2021-10-07 03:38:32";"-67";"-74";"-86"
"14273";"2021-10-07 03:38:33";"-68";"-77";"-79"
"14274";"2021-10-07 03:38:34";"-59";"-76";"-85"
"14275";"2021-10-07 03:38:35";"-67";"-73";"-80"
"14276";"2021-10-07 03:38:36";"-68";"-78";"-85"
"14277";"2021-10-07 03:38:37";"-67";"-74";"-77"
"14278";"2021-10-07 03:38:38";"-67";"-73";"-77"
"14279";"2021-10-07 03:38:39";"-67";"-79";"-80"
"14280";"2021-10-07 03:38:40";"-67";"-79";"-79"
"14281";"2021-10-07 03:39:14";"-68";"-73";"-85"
"14282";"2021-10-07 03:39:15";"-67";"-79";"-77"
"14283";"2021-10-07 03:39:16";"-68";"-74";"-79"
"14284";"2021-10-07 03:39:17";"-68";"-79";"-77"
"14285";"2021-10-07 03:39:18";"-68";"-79";"-86"
"14286";"2021-10-07 03:39:19";"-68";"-79";"-77"
"14287";"2021-10-07 03:39:20";"-60";"-79";"-79"
"14288";"2021-10-07 03:39:21";"-67";"-79";"-85"
"14289";"2021-10-07 03:39:22";"-68";"-73";"-77"
"14290";"2021-10-07 03:39:23";"-67";"-79";"-84"
"14291";"2021-10-07 03:39:24";"-67";"-78";"-85"
"14292";"2021-10-07 03:39:25";"-62";"-79";"-86"
"14293";"2021-10-07 03:39:26";"-67";"-74";"-80"
"14294";"2021-10-07 03:39:27";"-67";"-74";"-77"
"14295";"2021-10-07 03:39:28";"-67";"-74";"-79"
"14296";"2021-10-07 03:39:29";"-67";"-76";"-85"
"14297";"2021-10-07 03:39:30";"-68";"-78";"-76"
"14298";"2021-10-07 03:39:31";"-67";"-79";"-85"
"14299";"2021-10-07 03:39:32";"-67";"-78";"-77"
"14300";"2021-10-07 03:39:33";"-67";"-73";"-80"
"14301";"2021-10-07 03:39:34";"-68";"-78";"-77"
"14302";"2021-10-07 03:39:35";"-67";"-74";"-79"
"14303";"2021-10-07 03:39:36";"-68";"-79";"-86"
"14304";"2021-10-07 03:39:37";"-67";"-78";"-77"
"14305";"2021-10-07 03:39:38";"-67";"-74";"-79"
"14306";"2021-10-07 03:40:14";"-67";"-79";"-86"
"14307";"2021-10-07 03:40:14";"-67";"-73";"-77"
"14308";"2021-10-07 03:40:15";"-68";"-76";"-76"
"14309";"2021-10-07 03:40:16";"-68";"-76";"-77"
"14310";"2021-10-07 03:40:17";"-67";"-73";"-85"
"14311";"2021-10-07 03:40:18";"-68";"-79";"-79"
"14312";"2021-10-07 03:40:19";"-67";"-74";"-85"
"14313";"2021-10-07 03:40:20";"-67";"-73";"-77"
"14314";"2021-10-07 03:40:21";"-68";"-79";"-77"
"14315";"2021-10-07 03:40:22";"-67";"-73";"-86"
"14316";"2021-10-07 03:40:23";"-68";"-78";"-76"
"14317";"2021-10-07 03:40:24";"-68";"-74";"-77"
"14318";"2021-10-07 03:40:25";"-68";"-78";"-77"
"14319";"2021-10-07 03:40:27";"-68";"-79";"-79"
"14320";"2021-10-07 03:40:28";"-67";"-73";"-77"
"14321";"2021-10-07 03:40:29";"-67";"-77";"-85"
"14322";"2021-10-07 03:40:30";"-67";"-73";"-86"
"14323";"2021-10-07 03:40:31";"-67";"-79";"-79"
"14324";"2021-10-07 03:40:32";"-68";"-79";"-77"
"14325";"2021-10-07 03:40:33";"-68";"-78";"-77"
"14326";"2021-10-07 03:40:34";"-68";"-79";"-86"
"14327";"2021-10-07 03:40:35";"-67";"-78";"-85"
"14328";"2021-10-07 03:40:36";"-67";"-79";"-86"
"14329";"2021-10-07 03:40:37";"-60";"-76";"-78"
"14330";"2021-10-07 03:40:38";"-67";"-79";"-84"
"14331";"2021-10-07 03:40:39";"-68";"-79";"-78"
"14332";"2021-10-07 03:41:13";"-67";"-73";"-86"
"14333";"2021-10-07 03:41:13";"-67";"-74";"-79"
"14334";"2021-10-07 03:41:15";"-68";"-78";"-85"
"14335";"2021-10-07 03:41:16";"-67";"-76";"-77"
"14336";"2021-10-07 03:41:17";"-67";"-78";"-86"
"14337";"2021-10-07 03:41:18";"-67";"-79";"-85"
"14338";"2021-10-07 03:41:19";"-68";"-74";"-85"
"14339";"2021-10-07 03:41:20";"-67";"-74";"-79"
"14340";"2021-10-07 03:41:21";"-68";"-79";"-77"
"14341";"2021-10-07 03:41:22";"-67";"-73";"-80"
"14342";"2021-10-07 03:41:23";"-61";"-74";"-79"
"14343";"2021-10-07 03:41:24";"-67";"-77";"-86"
"14344";"2021-10-07 03:41:25";"-68";"-74";"-85"
"14345";"2021-10-07 03:41:26";"-67";"-74";"-85"
"14346";"2021-10-07 03:41:27";"-59";"-77";"-76"
"14347";"2021-10-07 03:41:28";"-68";"-78";"-78"
"14348";"2021-10-07 03:41:29";"-68";"-78";"-79"
"14349";"2021-10-07 03:41:30";"-67";"-73";"-85"
"14350";"2021-10-07 03:41:31";"-68";"-74";"-86"
"14351";"2021-10-07 03:41:32";"-68";"-78";"-86"
"14352";"2021-10-07 03:41:33";"-68";"-76";"-85"
"14353";"2021-10-07 03:41:34";"-59";"-74";"-77"
"14354";"2021-10-07 03:41:35";"-67";"-77";"-85"
"14355";"2021-10-07 03:41:36";"-67";"-76";"-77"
"14356";"2021-10-07 03:41:37";"-67";"-74";"-85"
"14357";"2021-10-07 03:41:38";"-68";"-79";"-79"
"14358";"2021-10-07 03:41:39";"-59";"-77";"-86"
"14359";"2021-10-07 03:41:40";"-60";"-74";"-85"
"14360";"2021-10-07 03:41:41";"-67";"-79";"-85"
"14361";"2021-10-07 03:42:09";"-67";"-78";"-86"
"14362";"2021-10-07 03:42:10";"-60";"-76";"-79"
"14363";"2021-10-07 03:42:11";"-68";"-78";"-86"
"14364";"2021-10-07 03:42:12";"-67";"-79";"-84"
"14365";"2021-10-07 03:42:13";"-67";"-73";"-85"
"14366";"2021-10-07 03:42:14";"-67";"-73";"-85"
"14367";"2021-10-07 03:42:15";"-68";"-79";"-79"
"14368";"2021-10-07 03:42:16";"-68";"-79";"-78"
"14369";"2021-10-07 03:42:17";"-68";"-74";"-77"
"14370";"2021-10-07 03:42:18";"-67";"-73";"-80"
"14371";"2021-10-07 03:42:19";"-59";"-73";"-78"
"14372";"2021-10-07 03:42:20";"-68";"-74";"-83"
"14373";"2021-10-07 03:42:21";"-68";"-78";"-76"
"14374";"2021-10-07 03:42:22";"-68";"-78";"-79"
"14375";"2021-10-07 03:42:23";"-68";"-74";"-77"
"14376";"2021-10-07 03:42:24";"-68";"-78";"-85"
"14377";"2021-10-07 03:42:25";"-67";"-79";"-86"
"14378";"2021-10-07 03:42:26";"-67";"-73";"-80"
"14379";"2021-10-07 03:42:27";"-67";"-79";"-77"
"14380";"2021-10-07 03:42:28";"-68";"-74";"-77"
"14381";"2021-10-07 03:42:29";"-68";"-78";"-80"
"14382";"2021-10-07 03:42:30";"-67";"-77";"-77"
"14383";"2021-10-07 03:42:31";"-67";"-79";"-85"
"14384";"2021-10-07 03:42:32";"-67";"-74";"-77"
"14385";"2021-10-07 03:42:33";"-68";"-79";"-80"
"14386";"2021-10-07 03:42:34";"-67";"-77";"-77"
"14387";"2021-10-07 03:42:35";"-68";"-74";"-86"
"14388";"2021-10-07 03:42:37";"-68";"-74";"-77"
"14389";"2021-10-07 03:42:37";"-67";"-74";"-86"
"14390";"2021-10-07 03:42:38";"-67";"-77";"-85"
"14391";"2021-10-07 03:43:07";"-67";"-73";"-85"
"14392";"2021-10-07 03:43:07";"-67";"-77";"-86"
"14393";"2021-10-07 03:43:08";"-67";"-78";"-85"
"14394";"2021-10-07 03:43:09";"-67";"-74";"-80"
"14395";"2021-10-07 03:43:10";"-59";"-76";"-77"
"14396";"2021-10-07 03:43:11";"-67";"-74";"-79"
"14397";"2021-10-07 03:43:12";"-67";"-73";"-86"
"14398";"2021-10-07 03:43:13";"-67";"-73";"-77"
"14399";"2021-10-07 03:43:14";"-68";"-74";"-77"
"14400";"2021-10-07 03:43:15";"-68";"-78";"-77"
"14401";"2021-10-07 03:43:16";"-68";"-74";"-86"
"14402";"2021-10-07 03:43:17";"-67";"-73";"-86"
"14403";"2021-10-07 03:43:18";"-67";"-78";"-85"
"14404";"2021-10-07 03:43:19";"-67";"-79";"-80"
"14405";"2021-10-07 03:43:20";"-68";"-78";"-85"
"14406";"2021-10-07 03:43:21";"-68";"-79";"-85"
"14407";"2021-10-07 03:43:22";"-67";"-73";"-85"
"14408";"2021-10-07 03:43:23";"-62";"-77";"-85"
"14409";"2021-10-07 03:43:24";"-67";"-74";"-79"
"14410";"2021-10-07 03:43:25";"-68";"-73";"-77"
"14411";"2021-10-07 03:43:27";"-68";"-78";"-77"
"14412";"2021-10-07 03:43:28";"-67";"-73";"-85"
"14413";"2021-10-07 03:43:29";"-68";"-77";"-77"
"14414";"2021-10-07 03:43:30";"-68";"-74";"-85"
"14415";"2021-10-07 03:43:31";"-67";"-74";"-85"
"14416";"2021-10-07 03:43:32";"-68";"-74";"-85"
"14417";"2021-10-07 03:43:33";"-67";"-73";"-79"
"14418";"2021-10-07 03:43:34";"-67";"-77";"-78"
"14419";"2021-10-07 03:43:35";"-67";"-79";"-86"
"14420";"2021-10-07 03:43:36";"-67";"-78";"-78"
"14421";"2021-10-07 03:43:37";"-67";"-76";"-85"
"14422";"2021-10-07 03:43:54";"-67";"-74";"-85"
"14423";"2021-10-07 03:43:55";"-68";"-74";"-75"
"14424";"2021-10-07 03:43:56";"-67";"-77";"-84"
"14425";"2021-10-07 03:43:57";"-67";"-76";"-85"
"14426";"2021-10-07 03:43:58";"-67";"-74";"-86"
"14427";"2021-10-07 03:43:59";"-60";"-73";"-77"
"14428";"2021-10-07 03:44:00";"-67";"-73";"-86"
"14429";"2021-10-07 03:44:01";"-68";"-74";"-85"
"14430";"2021-10-07 03:44:03";"-67";"-74";"-77"
"14431";"2021-10-07 03:44:04";"-68";"-79";"-77"
"14432";"2021-10-07 03:44:05";"-68";"-79";"-77"
"14433";"2021-10-07 03:44:06";"-67";"-74";"-77"
"14434";"2021-10-07 03:44:07";"-68";"-78";"-79"
"14435";"2021-10-07 03:44:08";"-67";"-78";"-77"
"14436";"2021-10-07 03:44:09";"-67";"-78";"-79"
"14437";"2021-10-07 03:44:10";"-67";"-78";"-86"
"14438";"2021-10-07 03:44:11";"-67";"-74";"-77"
"14439";"2021-10-07 03:44:12";"-68";"-79";"-79"
"14440";"2021-10-07 03:44:13";"-68";"-74";"-85"
"14441";"2021-10-07 03:44:14";"-68";"-74";"-77"
"14442";"2021-10-07 03:44:15";"-68";"-79";"-79"
"14443";"2021-10-07 03:44:16";"-68";"-79";"-86"
"14444";"2021-10-07 03:44:17";"-68";"-79";"-79"
"14445";"2021-10-07 03:44:18";"-67";"-74";"-77"
"14446";"2021-10-07 03:44:19";"-67";"-73";"-77"
"14447";"2021-10-07 03:44:20";"-67";"-74";"-80"
"14448";"2021-10-07 03:44:21";"-68";"-74";"-79"
"14449";"2021-10-07 03:44:22";"-67";"-78";"-77"
"14450";"2021-10-07 03:44:23";"-61";"-77";"-80"
"14451";"2021-10-07 03:44:54";"-67";"-77";"-77"
"14452";"2021-10-07 03:44:55";"-68";"-73";"-78"
"14453";"2021-10-07 03:44:56";"-68";"-73";"-77"
"14454";"2021-10-07 03:44:57";"-67";"-73";"-85"
"14455";"2021-10-07 03:44:58";"-67";"-73";"-79"
"14456";"2021-10-07 03:44:59";"-67";"-74";"-85"
"14457";"2021-10-07 03:45:00";"-59";"-78";"-86"
"14458";"2021-10-07 03:45:01";"-67";"-78";"-80"
"14459";"2021-10-07 03:45:02";"-68";"-77";"-84"
"14460";"2021-10-07 03:45:03";"-67";"-79";"-77"
"14461";"2021-10-07 03:45:04";"-67";"-74";"-86"
"14462";"2021-10-07 03:45:05";"-68";"-76";"-79"
"14463";"2021-10-07 03:45:06";"-68";"-78";"-77"
"14464";"2021-10-07 03:45:07";"-67";"-74";"-77"
"14465";"2021-10-07 03:45:08";"-59";"-77";"-79"
"14466";"2021-10-07 03:45:09";"-68";"-74";"-78"
"14467";"2021-10-07 03:45:10";"-67";"-78";"-77"
"14468";"2021-10-07 03:45:11";"-67";"-79";"-84"
"14469";"2021-10-07 03:45:12";"-67";"-78";"-86"
"14470";"2021-10-07 03:45:13";"-68";"-77";"-78"
"14471";"2021-10-07 03:45:14";"-67";"-74";"-85"
"14472";"2021-10-07 03:45:15";"-67";"-73";"-77"
"14473";"2021-10-07 03:45:49";"-67";"-73";"-77"
"14474";"2021-10-07 03:45:50";"-59";"-73";"-77"
"14475";"2021-10-07 03:45:51";"-67";"-74";"-79"
"14476";"2021-10-07 03:45:52";"-67";"-74";"-85"
"14477";"2021-10-07 03:45:53";"-68";"-79";"-78"
"14478";"2021-10-07 03:45:54";"-68";"-79";"-85"
"14479";"2021-10-07 03:45:55";"-67";"-78";"-85"
"14480";"2021-10-07 03:45:56";"-68";"-74";"-77"
"14481";"2021-10-07 03:45:57";"-68";"-78";"-79"
"14482";"2021-10-07 03:45:58";"-67";"-79";"-77"
"14483";"2021-10-07 03:45:59";"-67";"-73";"-77"
"14484";"2021-10-07 03:46:13";"-67";"-78";"-86"
"14485";"2021-10-07 03:46:13";"-68";"-74";"-79"
"14486";"2021-10-07 03:46:14";"-67";"-77";"-80"
"14487";"2021-10-07 03:46:15";"-68";"-78";"-80"
"14488";"2021-10-07 03:46:17";"-67";"-74";"-77"
"14489";"2021-10-07 03:46:18";"-68";"-73";"-78"
"14490";"2021-10-07 03:46:19";"-67";"-74";"-85"
"14491";"2021-10-07 03:46:41";"-67";"-74";"-79"
"14492";"2021-10-07 03:46:41";"-67";"-74";"-77"
"14493";"2021-10-07 03:46:42";"-67";"-74";"-79"
"14494";"2021-10-07 03:46:43";"-67";"-77";"-86"
"14495";"2021-10-07 03:46:44";"-67";"-74";"-77"
"14496";"2021-10-07 03:47:10";"-68";"-78";"-77"
"14497";"2021-10-07 03:47:11";"-59";"-73";"-78"
"14498";"2021-10-07 03:47:12";"-67";"-73";"-85"
"14499";"2021-10-07 03:47:13";"-67";"-73";"-84"
"14500";"2021-10-07 03:47:14";"-58";"-77";"-85"
"14501";"2021-10-07 03:47:15";"-67";"-80";"-76"
"14502";"2021-10-07 03:47:16";"-68";"-78";"-79"
"14503";"2021-10-07 03:47:17";"-68";"-79";"-85"
"14504";"2021-10-07 03:47:18";"-67";"-78";"-85"
"14505";"2021-10-07 03:47:19";"-67";"-73";"-77"
"14506";"2021-10-07 03:47:41";"-66";"-74";"-78"
"14507";"2021-10-07 03:47:42";"-67";"-80";"-85"
"14508";"2021-10-07 03:48:06";"-67";"-74";"-80"
"14509";"2021-10-07 03:48:06";"-67";"-73";"-77"
"14510";"2021-10-07 03:48:07";"-67";"-73";"-77"
"14511";"2021-10-07 03:48:08";"-67";"-74";"-84"
"14512";"2021-10-07 03:48:09";"-68";"-74";"-85"
"14513";"2021-10-07 03:48:10";"-68";"-79";"-84"
"14514";"2021-10-07 03:48:11";"-67";"-79";"-78"
"14515";"2021-10-07 03:48:12";"-67";"-78";"-79"
"14516";"2021-10-07 03:48:13";"-67";"-76";"-79"
"14517";"2021-10-07 03:48:14";"-61";"-78";"-77"
"14518";"2021-10-07 03:48:15";"-67";"-76";"-79"
"14519";"2021-10-07 03:48:16";"-67";"-73";"-78"
"14520";"2021-10-07 03:48:17";"-67";"-74";"-77"
"14521";"2021-10-07 03:49:03";"-68";"-75";"-84"
"14522";"2021-10-07 03:49:04";"-67";"-79";"-85"
"14523";"2021-10-07 03:49:05";"-61";"-74";"-80"
"14524";"2021-10-07 03:49:06";"-67";"-74";"-82"
"14525";"2021-10-07 03:49:07";"-67";"-73";"-84"
"14526";"2021-10-07 03:49:08";"-67";"-79";"-83"
"14527";"2021-10-07 03:49:09";"-67";"-73";"-85"
"14528";"2021-10-07 03:49:10";"-67";"-77";"-84"
"14529";"2021-10-07 03:49:11";"-68";"-73";"-79"
"14530";"2021-10-07 03:49:12";"-68";"-74";"-78"
"14531";"2021-10-07 03:49:13";"-67";"-76";"-79"
"14532";"2021-10-07 03:49:14";"-67";"-78";"-79"
"14533";"2021-10-07 03:49:15";"-67";"-76";"-84"
"14534";"2021-10-07 03:49:16";"-68";"-79";"-84"
"14535";"2021-10-07 03:49:17";"-67";"-73";"-77"
"14536";"2021-10-07 03:49:59";"-68";"-73";"-77"
"14537";"2021-10-07 03:49:59";"-68";"-78";"-77"
"14538";"2021-10-07 03:50:01";"-67";"-74";"-84"
"14539";"2021-10-07 03:50:02";"-68";"-74";"-78"
"14540";"2021-10-07 03:50:03";"-67";"-78";"-79"
"14541";"2021-10-07 03:50:04";"-67";"-78";"-78"
"14542";"2021-10-07 03:50:05";"-67";"-79";"-84"
"14543";"2021-10-07 03:50:06";"-68";"-74";"-84"
"14544";"2021-10-07 03:50:07";"-59";"-74";"-84"
"14545";"2021-10-07 03:50:08";"-67";"-74";"-78"
"14546";"2021-10-07 03:50:09";"-67";"-75";"-84"
"14547";"2021-10-07 03:50:10";"-68";"-74";"-83"
"14548";"2021-10-07 03:50:11";"-59";"-76";"-80"
"14549";"2021-10-07 03:50:12";"-67";"-77";"-84"
"14550";"2021-10-07 03:50:13";"-67";"-74";"-85"
"14551";"2021-10-07 03:50:14";"-67";"-76";"-77"
"14552";"2021-10-07 03:50:15";"-67";"-78";"-80"
"14553";"2021-10-07 03:50:16";"-68";"-79";"-83"
"14554";"2021-10-07 03:50:17";"-67";"-74";"-84"
"14555";"2021-10-07 03:50:18";"-68";"-74";"-77"
"14556";"2021-10-07 03:50:57";"-67";"-79";"-85"
"14557";"2021-10-07 03:50:58";"-67";"-74";"-77"
"14558";"2021-10-07 03:50:59";"-68";"-79";"-84"
"14559";"2021-10-07 03:51:00";"-67";"-78";"-78"
"14560";"2021-10-07 03:51:01";"-67";"-76";"-83"
"14561";"2021-10-07 03:51:02";"-68";"-73";"-78"
"14562";"2021-10-07 03:51:03";"-66";"-79";"-80"
"14563";"2021-10-07 03:51:04";"-67";"-73";"-79"
"14564";"2021-10-07 03:51:05";"-67";"-78";"-78"
"14565";"2021-10-07 03:51:06";"-67";"-79";"-77"
"14566";"2021-10-07 03:51:07";"-67";"-73";"-84"
"14567";"2021-10-07 03:51:08";"-67";"-79";"-78"
"14568";"2021-10-07 03:51:09";"-67";"-79";"-79"
"14569";"2021-10-07 03:51:10";"-68";"-79";"-84"
"14570";"2021-10-07 03:51:11";"-67";"-73";"-77"
"14571";"2021-10-07 03:51:12";"-67";"-74";"-84"
"14572";"2021-10-07 03:51:13";"-67";"-73";"-77"
"14573";"2021-10-07 03:51:14";"-59";"-76";"-84"
"14574";"2021-10-07 03:51:15";"-67";"-77";"-78"
"14575";"2021-10-07 03:51:16";"-67";"-74";"-77"
"14576";"2021-10-07 03:51:17";"-67";"-79";"-79"
"14577";"2021-10-07 03:51:52";"-67";"-78";"-84"
"14578";"2021-10-07 03:51:53";"-68";"-73";"-84"
"14579";"2021-10-07 03:51:54";"-67";"-73";"-84"
"14580";"2021-10-07 03:51:55";"-59";"-78";"-84"
"14581";"2021-10-07 03:51:56";"-67";"-79";"-77"
"14582";"2021-10-07 03:51:57";"-67";"-78";"-79"
"14583";"2021-10-07 03:51:58";"-67";"-74";"-83"
"14584";"2021-10-07 03:51:59";"-67";"-78";"-78"
"14585";"2021-10-07 03:52:00";"-68";"-73";"-83"
"14586";"2021-10-07 03:52:01";"-66";"-78";"-80"
"14587";"2021-10-07 03:52:02";"-67";"-73";"-84"
"14588";"2021-10-07 03:52:03";"-67";"-77";"-78"
"14589";"2021-10-07 03:52:04";"-59";"-73";"-80"
"14590";"2021-10-07 03:52:05";"-67";"-74";"-77"
"14591";"2021-10-07 03:52:06";"-66";"-78";"-77"
"14592";"2021-10-07 03:52:07";"-68";"-73";"-78"
"14593";"2021-10-07 03:52:08";"-67";"-79";"-77"
"14594";"2021-10-07 03:52:09";"-66";"-77";"-78"
"14595";"2021-10-07 03:52:10";"-67";"-74";"-84"
"14596";"2021-10-07 03:52:11";"-68";"-76";"-84"
"14597";"2021-10-07 03:52:12";"-67";"-78";"-84"
"14598";"2021-10-07 03:52:13";"-66";"-77";"-79"
"14599";"2021-10-07 03:52:14";"-67";"-73";"-80"
"14600";"2021-10-07 03:52:15";"-67";"-79";"-84"
"14601";"2021-10-07 03:52:50";"-67";"-78";"-77"
"14602";"2021-10-07 03:52:51";"-67";"-79";"-78"
"14603";"2021-10-07 03:52:52";"-68";"-76";"-83"
"14604";"2021-10-07 03:52:53";"-68";"-79";"-78"
"14605";"2021-10-07 03:52:54";"-67";"-74";"-79"
"14606";"2021-10-07 03:52:55";"-68";"-73";"-84"
"14607";"2021-10-07 03:52:56";"-67";"-78";"-84"
"14608";"2021-10-07 03:52:57";"-68";"-79";"-77"
"14609";"2021-10-07 03:52:58";"-67";"-78";"-80"
"14610";"2021-10-07 03:52:59";"-68";"-74";"-79"
"14611";"2021-10-07 03:53:00";"-67";"-78";"-78"
"14612";"2021-10-07 03:53:01";"-67";"-74";"-78"
"14613";"2021-10-07 03:53:02";"-68";"-78";"-84"
"14614";"2021-10-07 03:53:03";"-67";"-78";"-85"
"14615";"2021-10-07 03:53:05";"-61";"-76";"-80"
"14616";"2021-10-07 03:53:06";"-67";"-73";"-84"
"14617";"2021-10-07 03:53:07";"-67";"-78";"-77"
"14618";"2021-10-07 03:53:08";"-67";"-78";"-79"
"14619";"2021-10-07 03:53:09";"-67";"-74";"-84"
"14620";"2021-10-07 03:53:10";"-67";"-79";"-85"
"14621";"2021-10-07 03:53:11";"-67";"-78";"-79"
"14622";"2021-10-07 03:53:12";"-60";"-78";"-78"
"14623";"2021-10-07 03:53:13";"-67";"-78";"-84"
"14624";"2021-10-07 03:53:14";"-68";"-74";"-79"
"14625";"2021-10-07 03:53:15";"-67";"-76";"-85"
"14626";"2021-10-07 03:53:16";"-67";"-74";"-84"
"14627";"2021-10-07 03:53:17";"-67";"-74";"-78"
"14628";"2021-10-07 03:53:18";"-67";"-79";"-79"
"14629";"2021-10-07 03:53:47";"-68";"-74";"-83"
"14630";"2021-10-07 03:53:47";"-67";"-73";"-78"
"14631";"2021-10-07 03:53:48";"-68";"-73";"-78"
"14632";"2021-10-07 03:53:50";"-66";"-79";"-84"
"14633";"2021-10-07 03:53:51";"-68";"-73";"-84"
"14634";"2021-10-07 03:53:52";"-68";"-76";"-83"
"14635";"2021-10-07 03:53:53";"-67";"-73";"-79"
"14636";"2021-10-07 03:53:54";"-68";"-79";"-78"
"14637";"2021-10-07 03:53:55";"-67";"-78";"-77"
"14638";"2021-10-07 03:53:56";"-66";"-78";"-78"
"14639";"2021-10-07 03:53:57";"-67";"-74";"-84"
"14640";"2021-10-07 03:53:58";"-62";"-76";"-84"
"14641";"2021-10-07 03:53:59";"-66";"-79";"-77"
"14642";"2021-10-07 03:54:00";"-60";"-76";"-79"
"14643";"2021-10-07 03:54:01";"-67";"-74";"-77"
"14644";"2021-10-07 03:54:02";"-66";"-77";"-77"
"14645";"2021-10-07 03:54:03";"-67";"-76";"-78"
"14646";"2021-10-07 03:54:04";"-66";"-76";"-83"
"14647";"2021-10-07 03:54:05";"-67";"-73";"-84"
"14648";"2021-10-07 03:54:06";"-67";"-78";"-85"
"14649";"2021-10-07 03:54:07";"-67";"-79";"-78"
"14650";"2021-10-07 03:54:08";"-68";"-73";"-84"
"14651";"2021-10-07 03:54:09";"-68";"-78";"-84"
"14652";"2021-10-07 03:54:10";"-68";"-73";"-84"
"14653";"2021-10-07 03:54:11";"-67";"-78";"-78"
"14654";"2021-10-07 03:54:12";"-67";"-78";"-80"
"14655";"2021-10-07 03:54:13";"-68";"-74";"-78"
"14656";"2021-10-07 03:54:14";"-66";"-73";"-85"
"14657";"2021-10-07 03:54:15";"-67";"-78";"-84"
"14658";"2021-10-07 03:54:16";"-67";"-76";"-84"
"14659";"2021-10-07 03:54:17";"-68";"-78";"-79"
"14660";"2021-10-07 03:54:18";"-68";"-76";"-77"
"14661";"2021-10-07 03:54:43";"-68";"-74";"-78"
"14662";"2021-10-07 03:54:44";"-67";"-76";"-85"
"14663";"2021-10-07 03:54:45";"-67";"-78";"-78"
"14664";"2021-10-07 03:54:46";"-67";"-79";"-77"
"14665";"2021-10-07 03:54:47";"-67";"-76";"-77"
"14666";"2021-10-07 03:54:48";"-68";"-73";"-84"
"14667";"2021-10-07 03:54:49";"-67";"-74";"-85"
"14668";"2021-10-07 03:54:50";"-59";"-76";"-78"
"14669";"2021-10-07 03:54:51";"-67";"-73";"-84"
"14670";"2021-10-07 03:54:52";"-66";"-78";"-77"
"14671";"2021-10-07 03:54:53";"-67";"-78";"-78"
"14672";"2021-10-07 03:54:54";"-60";"-77";"-79"
"14673";"2021-10-07 03:54:55";"-66";"-78";"-77"
"14674";"2021-10-07 03:54:56";"-68";"-73";"-77"
"14675";"2021-10-07 03:54:57";"-67";"-77";"-78"
"14676";"2021-10-07 03:54:58";"-67";"-77";"-85"
"14677";"2021-10-07 03:54:59";"-60";"-76";"-78"
"14678";"2021-10-07 03:55:00";"-67";"-77";"-86"
"14679";"2021-10-07 03:55:01";"-66";"-77";"-77"
"14680";"2021-10-07 03:55:02";"-67";"-78";"-78"
"14681";"2021-10-07 03:55:03";"-66";"-78";"-85"
"14682";"2021-10-07 03:55:04";"-67";"-78";"-79"
"14683";"2021-10-07 03:55:05";"-68";"-74";"-78"
"14684";"2021-10-07 03:55:06";"-67";"-74";"-77"
"14685";"2021-10-07 03:55:42";"-68";"-74";"-77"
"14686";"2021-10-07 03:55:43";"-67";"-78";"-85"
"14687";"2021-10-07 03:55:44";"-67";"-77";"-80"
"14688";"2021-10-07 03:55:45";"-67";"-74";"-85"
"14689";"2021-10-07 03:55:46";"-67";"-78";"-78"
"14690";"2021-10-07 03:55:47";"-60";"-77";"-85"
"14691";"2021-10-07 03:55:48";"-67";"-74";"-78"
"14692";"2021-10-07 03:55:49";"-67";"-74";"-80"
"14693";"2021-10-07 03:55:50";"-67";"-78";"-78"
"14694";"2021-10-07 03:55:51";"-67";"-77";"-78"
"14695";"2021-10-07 03:55:52";"-67";"-74";"-78"
"14696";"2021-10-07 03:55:53";"-67";"-79";"-85"
"14697";"2021-10-07 03:55:54";"-67";"-74";"-78"
"14698";"2021-10-07 03:55:55";"-67";"-74";"-78"
"14699";"2021-10-07 03:55:56";"-68";"-74";"-85"
"14700";"2021-10-07 03:55:57";"-61";"-78";"-78"
"14701";"2021-10-07 03:55:58";"-67";"-78";"-85"
"14702";"2021-10-07 03:55:59";"-67";"-74";"-78"
"14703";"2021-10-07 03:56:00";"-67";"-77";"-84"
"14704";"2021-10-07 03:56:01";"-61";"-77";"-85"
"14705";"2021-10-07 03:56:02";"-67";"-74";"-85"
"14706";"2021-10-07 03:56:03";"-68";"-74";"-85"
"14707";"2021-10-07 03:56:04";"-60";"-75";"-85"
"14708";"2021-10-07 03:56:32";"-66";"-74";"-79"
"14709";"2021-10-07 03:56:32";"-68";"-74";"-85"
"14710";"2021-10-07 03:56:33";"-67";"-73";"-79"
"14711";"2021-10-07 03:56:34";"-66";"-77";"-77"
"14712";"2021-10-07 03:56:35";"-67";"-78";"-86"
"14713";"2021-10-07 03:56:36";"-67";"-74";"-86"
"14714";"2021-10-07 03:56:37";"-67";"-79";"-85"
"14715";"2021-10-07 03:56:38";"-68";"-76";"-83"
"14716";"2021-10-07 03:56:39";"-59";"-79";"-78"
"14717";"2021-10-07 03:56:40";"-68";"-74";"-84"
"14718";"2021-10-07 03:56:41";"-68";"-73";"-84"
"14719";"2021-10-07 03:56:42";"-61";"-73";"-84"
"14720";"2021-10-07 03:56:43";"-67";"-79";"-77"
"14721";"2021-10-07 03:56:44";"-67";"-73";"-84"
"14722";"2021-10-07 03:56:45";"-67";"-74";"-77"
"14723";"2021-10-07 03:56:46";"-67";"-78";"-84"
"14724";"2021-10-07 03:56:47";"-59";"-73";"-83"
"14725";"2021-10-07 03:56:48";"-68";"-73";"-78"
"14726";"2021-10-07 03:56:49";"-68";"-74";"-83"
"14727";"2021-10-07 03:56:50";"-67";"-77";"-78"
"14728";"2021-10-07 03:56:51";"-67";"-76";"-79"
"14729";"2021-10-07 03:56:52";"-67";"-76";"-85"
"14730";"2021-10-07 03:56:53";"-67";"-78";"-84"
"14731";"2021-10-07 03:56:54";"-59";"-77";"-78"
"14732";"2021-10-07 03:56:55";"-67";"-78";"-78"
"14733";"2021-10-07 03:56:56";"-67";"-73";"-79"
"14734";"2021-10-07 03:56:57";"-67";"-74";"-77"
"14735";"2021-10-07 03:56:58";"-68";"-73";"-78"
"14736";"2021-10-07 03:56:59";"-67";"-78";"-79"
"14737";"2021-10-07 03:57:00";"-66";"-79";"-79"
"14738";"2021-10-07 03:57:01";"-67";"-74";"-79"
"14739";"2021-10-07 03:57:02";"-67";"-73";"-78"
"14740";"2021-10-07 03:57:03";"-68";"-78";"-79"
"14741";"2021-10-07 03:57:32";"-67";"-73";"-79"
"14742";"2021-10-07 03:57:33";"-67";"-78";"-79"
"14743";"2021-10-07 03:57:34";"-67";"-74";"-84"
"14744";"2021-10-07 03:57:35";"-68";"-75";"-84"
"14745";"2021-10-07 03:57:36";"-67";"-73";"-77"
"14746";"2021-10-07 03:57:37";"-66";"-78";"-84"
"14747";"2021-10-07 03:57:38";"-61";"-74";"-84"
"14748";"2021-10-07 03:57:39";"-67";"-76";"-84"
"14749";"2021-10-07 03:57:40";"-68";"-77";"-80"
"14750";"2021-10-07 03:57:41";"-67";"-73";"-84"
"14751";"2021-10-07 03:57:42";"-67";"-74";"-78"
"14752";"2021-10-07 03:57:43";"-67";"-73";"-78"
"14753";"2021-10-07 03:57:44";"-68";"-77";"-80"
"14754";"2021-10-07 03:57:45";"-67";"-78";"-85"
"14755";"2021-10-07 03:57:46";"-67";"-74";"-77"
"14756";"2021-10-07 03:57:47";"-68";"-74";"-84"
"14757";"2021-10-07 03:57:48";"-67";"-78";"-77"
"14758";"2021-10-07 03:57:49";"-67";"-76";"-79"
"14759";"2021-10-07 03:57:50";"-67";"-76";"-78"
"14760";"2021-10-07 03:57:51";"-67";"-74";"-84"
"14761";"2021-10-07 03:57:52";"-67";"-78";"-85"
"14762";"2021-10-07 03:57:53";"-67";"-74";"-79"
"14763";"2021-10-07 03:57:54";"-67";"-78";"-78"
"14764";"2021-10-07 03:57:55";"-67";"-74";"-83"
"14765";"2021-10-07 03:57:56";"-66";"-78";"-78"
"14766";"2021-10-07 03:57:57";"-67";"-73";"-78"
"14767";"2021-10-07 03:57:59";"-68";"-73";"-84"
"14768";"2021-10-07 03:57:59";"-65";"-74";"-84"
"14769";"2021-10-07 03:58:00";"-68";"-74";"-77"
"14770";"2021-10-07 03:58:01";"-66";"-79";"-79"
"14771";"2021-10-07 03:58:02";"-67";"-73";"-85"
"14772";"2021-10-07 03:58:34";"-67";"-73";"-84"
"14773";"2021-10-07 03:58:34";"-67";"-78";"-77"
"14774";"2021-10-07 03:58:35";"-68";"-78";"-84"
"14775";"2021-10-07 03:58:36";"-67";"-78";"-77"
"14776";"2021-10-07 03:58:37";"-67";"-78";"-79"
"14777";"2021-10-07 03:58:38";"-68";"-74";"-79"
"14778";"2021-10-07 03:58:39";"-68";"-74";"-85"
"14779";"2021-10-07 03:58:40";"-67";"-78";"-75"
"14780";"2021-10-07 03:58:41";"-68";"-74";"-84"
"14781";"2021-10-07 03:58:42";"-68";"-76";"-78"
"14782";"2021-10-07 03:58:43";"-66";"-79";"-84"
"14783";"2021-10-07 03:58:44";"-62";"-79";"-78"
"14784";"2021-10-07 03:58:45";"-66";"-78";"-77"
"14785";"2021-10-07 03:58:46";"-67";"-74";"-84"
"14786";"2021-10-07 03:58:47";"-68";"-74";"-84"
"14787";"2021-10-07 03:58:48";"-68";"-77";"-79"
"14788";"2021-10-07 03:58:49";"-67";"-79";"-78"
"14789";"2021-10-07 03:58:50";"-67";"-74";"-79"
"14790";"2021-10-07 03:58:51";"-66";"-79";"-78"
"14791";"2021-10-07 03:58:53";"-68";"-74";"-76"
"14792";"2021-10-07 03:58:54";"-68";"-76";"-84"
"14793";"2021-10-07 03:58:55";"-67";"-78";"-78"
"14794";"2021-10-07 03:58:56";"-67";"-78";"-85"
"14795";"2021-10-07 03:58:57";"-67";"-77";"-84"
"14796";"2021-10-07 03:58:58";"-67";"-79";"-80"
"14797";"2021-10-07 03:58:59";"-68";"-74";"-78"
"14798";"2021-10-07 03:59:00";"-67";"-73";"-84"
"14799";"2021-10-07 03:59:35";"-67";"-77";"-84"
"14800";"2021-10-07 03:59:36";"-68";"-76";"-78"
"14801";"2021-10-07 03:59:37";"-66";"-76";"-78"
"14802";"2021-10-07 03:59:38";"-68";"-73";"-84"
"14803";"2021-10-07 03:59:39";"-67";"-76";"-85"
"14804";"2021-10-07 03:59:40";"-67";"-74";"-77"
"14805";"2021-10-07 03:59:41";"-68";"-73";"-85"
"14806";"2021-10-07 03:59:42";"-67";"-74";"-78"
"14807";"2021-10-07 03:59:43";"-59";"-76";"-77"
"14808";"2021-10-07 03:59:44";"-68";"-78";"-85"
"14809";"2021-10-07 03:59:45";"-67";"-78";"-79"
"14810";"2021-10-07 03:59:46";"-67";"-79";"-84"
"14811";"2021-10-07 03:59:47";"-68";"-73";"-84"
"14812";"2021-10-07 03:59:48";"-68";"-74";"-84"
"14813";"2021-10-07 03:59:49";"-68";"-78";"-84"
"14814";"2021-10-07 03:59:50";"-67";"-78";"-79"
"14815";"2021-10-07 03:59:51";"-67";"-78";"-78"
"14816";"2021-10-07 03:59:52";"-67";"-74";"-84"
"14817";"2021-10-07 03:59:53";"-67";"-74";"-78"
"14818";"2021-10-07 03:59:54";"-67";"-74";"-78"
"14819";"2021-10-07 03:59:55";"-67";"-74";"-78"
"14820";"2021-10-07 03:59:56";"-67";"-78";"-78"
"14821";"2021-10-07 03:59:57";"-68";"-74";"-78"
"14822";"2021-10-07 03:59:58";"-68";"-74";"-79"
"14823";"2021-10-07 04:00:34";"-67";"-78";"-78"
"14824";"2021-10-07 04:00:35";"-67";"-78";"-79"
"14825";"2021-10-07 04:00:36";"-67";"-73";"-77"
"14826";"2021-10-07 04:00:37";"-67";"-78";"-78"
"14827";"2021-10-07 04:00:38";"-59";"-76";"-79"
"14828";"2021-10-07 04:00:39";"-68";"-76";"-77"
"14829";"2021-10-07 04:00:40";"-68";"-74";"-79"
"14830";"2021-10-07 04:00:41";"-66";"-78";"-84"
"14831";"2021-10-07 04:00:42";"-67";"-74";"-84"
"14832";"2021-10-07 04:00:43";"-68";"-74";"-79"
"14833";"2021-10-07 04:00:44";"-67";"-77";"-85"
"14834";"2021-10-07 04:00:45";"-67";"-78";"-84"
"14835";"2021-10-07 04:00:46";"-67";"-74";"-77"
"14836";"2021-10-07 04:00:47";"-68";"-74";"-84"
"14837";"2021-10-07 04:01:30";"-67";"-74";"-78"
"14838";"2021-10-07 04:01:30";"-66";"-74";"-79"
"14839";"2021-10-07 04:01:31";"-67";"-74";"-84"
"14840";"2021-10-07 04:01:32";"-67";"-74";"-78"
"14841";"2021-10-07 04:01:33";"-67";"-74";"-84"
"14842";"2021-10-07 04:01:34";"-67";"-77";"-84"
"14843";"2021-10-07 04:01:35";"-66";"-79";"-78"
"14844";"2021-10-07 04:01:36";"-66";"-78";"-78"
"14845";"2021-10-07 04:01:37";"-67";"-74";"-84"
"14846";"2021-10-07 04:01:38";"-67";"-78";"-84"
"14847";"2021-10-07 04:01:39";"-68";"-74";"-79"
"14848";"2021-10-07 04:01:40";"-67";"-73";"-78"
"14849";"2021-10-07 04:01:41";"-67";"-79";"-84"
"14850";"2021-10-07 04:01:42";"-67";"-74";"-78"
"14851";"2021-10-07 04:01:43";"-61";"-76";"-78"
"14852";"2021-10-07 04:01:44";"-67";"-78";"-79"
"14853";"2021-10-07 04:01:45";"-60";"-77";"-78"
"14854";"2021-10-07 04:01:46";"-67";"-74";"-83"
"14855";"2021-10-07 04:01:47";"-68";"-78";"-77"
"14856";"2021-10-07 04:02:26";"-67";"-74";"-79"
"14857";"2021-10-07 04:02:27";"-67";"-78";"-78"
"14858";"2021-10-07 04:02:28";"-67";"-78";"-83"
"14859";"2021-10-07 04:02:29";"-67";"-78";"-78"
"14860";"2021-10-07 04:02:30";"-68";"-76";"-78"
"14861";"2021-10-07 04:02:31";"-67";"-78";"-78"
"14862";"2021-10-07 04:02:32";"-68";"-74";"-78"
"14863";"2021-10-07 04:02:33";"-67";"-74";"-78"
"14864";"2021-10-07 04:02:34";"-68";"-74";"-84"
"14865";"2021-10-07 04:02:35";"-67";"-79";"-78"
"14866";"2021-10-07 04:02:36";"-67";"-73";"-83"
"14867";"2021-10-07 04:02:37";"-68";"-73";"-80"
"14868";"2021-10-07 04:02:38";"-62";"-76";"-79"
"14869";"2021-10-07 04:02:39";"-67";"-74";"-76"
"14870";"2021-10-07 04:02:41";"-67";"-78";"-78"
"14871";"2021-10-07 04:02:42";"-67";"-75";"-85"
"14872";"2021-10-07 04:02:43";"-67";"-78";"-78"
"14873";"2021-10-07 04:02:44";"-66";"-78";"-78"
"14874";"2021-10-07 04:02:45";"-67";"-76";"-84"
"14875";"2021-10-07 04:02:46";"-66";"-76";"-85"
"14876";"2021-10-07 04:03:24";"-67";"-79";"-85"
"14877";"2021-10-07 04:03:24";"-67";"-78";"-78"
"14878";"2021-10-07 04:03:25";"-67";"-78";"-84"
"14879";"2021-10-07 04:03:26";"-67";"-78";"-78"
"14880";"2021-10-07 04:03:27";"-67";"-79";"-84"
"14881";"2021-10-07 04:03:28";"-68";"-73";"-78"
"14882";"2021-10-07 04:03:29";"-68";"-73";"-83"
"14883";"2021-10-07 04:03:30";"-67";"-74";"-84"
"14884";"2021-10-07 04:03:31";"-67";"-76";"-78"
"14885";"2021-10-07 04:03:32";"-67";"-74";"-77"
"14886";"2021-10-07 04:03:33";"-67";"-78";"-78"
"14887";"2021-10-07 04:03:34";"-68";"-73";"-79"
"14888";"2021-10-07 04:03:36";"-68";"-73";"-78"
"14889";"2021-10-07 04:03:37";"-67";"-78";"-78"
"14890";"2021-10-07 04:03:38";"-68";"-74";"-85"
"14891";"2021-10-07 04:03:39";"-67";"-78";"-84"
"14892";"2021-10-07 04:03:40";"-67";"-73";"-78"
"14893";"2021-10-07 04:03:41";"-67";"-73";"-78"
"14894";"2021-10-07 04:03:42";"-67";"-78";"-79"
"14895";"2021-10-07 04:03:43";"-67";"-78";"-78"
"14896";"2021-10-07 04:03:44";"-68";"-78";"-83"
"14897";"2021-10-07 04:04:19";"-68";"-74";"-80"
"14898";"2021-10-07 04:04:19";"-60";"-74";"-83"
"14899";"2021-10-07 04:04:20";"-68";"-73";"-78"
"14900";"2021-10-07 04:04:21";"-66";"-79";"-78"
"14901";"2021-10-07 04:04:22";"-68";"-78";"-78"
"14902";"2021-10-07 04:04:24";"-68";"-74";"-85"
"14903";"2021-10-07 04:04:25";"-67";"-76";"-76"
"14904";"2021-10-07 04:04:26";"-67";"-76";"-79"
"14905";"2021-10-07 04:04:27";"-67";"-77";"-83"
"14906";"2021-10-07 04:04:28";"-67";"-78";"-78"
"14907";"2021-10-07 04:04:29";"-67";"-74";"-78"
"14908";"2021-10-07 04:04:30";"-66";"-78";"-83"
"14909";"2021-10-07 04:04:31";"-67";"-73";"-77"
"14910";"2021-10-07 04:04:32";"-67";"-78";"-78"
"14911";"2021-10-07 04:04:33";"-68";"-78";"-79"
"14912";"2021-10-07 04:04:34";"-67";"-74";"-83"
"14913";"2021-10-07 04:04:35";"-67";"-74";"-78"
"14914";"2021-10-07 04:04:36";"-68";"-74";"-78"
"14915";"2021-10-07 04:04:37";"-67";"-74";"-83"
"14916";"2021-10-07 04:04:38";"-66";"-79";"-77"
"14917";"2021-10-07 04:04:39";"-67";"-78";"-84"
"14918";"2021-10-07 04:04:40";"-67";"-77";"-79"
"14919";"2021-10-07 04:04:41";"-61";"-75";"-77"
"14920";"2021-10-07 04:04:42";"-67";"-74";"-84"
"14921";"2021-10-07 04:05:15";"-67";"-74";"-79"
"14922";"2021-10-07 04:05:16";"-67";"-78";"-83"
"14923";"2021-10-07 04:05:17";"-68";"-73";"-78"
"14924";"2021-10-07 04:05:18";"-66";"-78";"-78"
"14925";"2021-10-07 04:05:19";"-67";"-78";"-77"
"14926";"2021-10-07 04:05:20";"-66";"-78";"-79"
"14927";"2021-10-07 04:05:21";"-66";"-74";"-80"
"14928";"2021-10-07 04:05:22";"-67";"-78";"-78"
"14929";"2021-10-07 04:05:23";"-66";"-78";"-83"
"14930";"2021-10-07 04:05:24";"-67";"-74";"-78"
"14931";"2021-10-07 04:05:25";"-66";"-78";"-78"
"14932";"2021-10-07 04:05:26";"-68";"-74";"-78"
"14933";"2021-10-07 04:05:27";"-67";"-74";"-84"
"14934";"2021-10-07 04:05:28";"-66";"-73";"-79"
"14935";"2021-10-07 04:05:29";"-67";"-79";"-78"
"14936";"2021-10-07 04:05:30";"-68";"-79";"-77"
"14937";"2021-10-07 04:05:31";"-68";"-78";"-78"
"14938";"2021-10-07 04:05:32";"-67";"-78";"-78"
"14939";"2021-10-07 04:05:33";"-68";"-74";"-83"
"14940";"2021-10-07 04:05:34";"-67";"-78";"-78"
"14941";"2021-10-07 04:05:35";"-67";"-78";"-83"
"14942";"2021-10-07 04:05:36";"-67";"-73";"-83"
"14943";"2021-10-07 04:05:37";"-66";"-73";"-78"
"14944";"2021-10-07 04:05:38";"-68";"-74";"-83"
"14945";"2021-10-07 04:05:39";"-59";"-76";"-79"
"14946";"2021-10-07 04:05:40";"-60";"-78";"-78"
"14947";"2021-10-07 04:05:41";"-67";"-79";"-83"
"14948";"2021-10-07 04:05:42";"-68";"-78";"-83"
"14949";"2021-10-07 04:06:12";"-59";"-73";"-83"
"14950";"2021-10-07 04:06:12";"-68";"-73";"-78"
"14951";"2021-10-07 04:06:13";"-67";"-73";"-78"
"14952";"2021-10-07 04:06:14";"-67";"-78";"-78"
"14953";"2021-10-07 04:06:15";"-68";"-74";"-79"
"14954";"2021-10-07 04:06:16";"-67";"-78";"-78"
"14955";"2021-10-07 04:06:17";"-66";"-78";"-77"
"14956";"2021-10-07 04:06:18";"-67";"-74";"-84"
"14957";"2021-10-07 04:06:19";"-66";"-78";"-84"
"14958";"2021-10-07 04:06:20";"-67";"-74";"-83"
"14959";"2021-10-07 04:06:21";"-68";"-73";"-78"
"14960";"2021-10-07 04:06:22";"-67";"-78";"-78"
"14961";"2021-10-07 04:06:23";"-66";"-74";"-78"
"14962";"2021-10-07 04:06:24";"-67";"-78";"-78"
"14963";"2021-10-07 04:06:25";"-67";"-74";"-79"
"14964";"2021-10-07 04:06:26";"-68";"-78";"-84"
"14965";"2021-10-07 04:06:27";"-68";"-74";"-78"
"14966";"2021-10-07 04:06:28";"-68";"-74";"-84"
"14967";"2021-10-07 04:06:29";"-67";"-78";"-78"
"14968";"2021-10-07 04:06:30";"-67";"-78";"-83"
"14969";"2021-10-07 04:06:31";"-68";"-74";"-78"
"14970";"2021-10-07 04:06:32";"-67";"-76";"-84"
"14971";"2021-10-07 04:06:33";"-66";"-79";"-78"
"14972";"2021-10-07 04:06:34";"-67";"-77";"-83"
"14973";"2021-10-07 04:06:35";"-68";"-74";"-78"
"14974";"2021-10-07 04:06:36";"-67";"-78";"-78"
"14975";"2021-10-07 04:06:37";"-67";"-73";"-78"
"14976";"2021-10-07 04:06:38";"-66";"-74";"-83"
"14977";"2021-10-07 04:06:39";"-67";"-78";"-77"
"14978";"2021-10-07 04:06:40";"-66";"-78";"-78"
"14979";"2021-10-07 04:06:41";"-66";"-78";"-77"
"14980";"2021-10-07 04:07:10";"-62";"-79";"-84"
"14981";"2021-10-07 04:07:10";"-67";"-79";"-82"
"14982";"2021-10-07 04:07:11";"-67";"-73";"-78"
"14983";"2021-10-07 04:07:12";"-59";"-79";"-78"
"14984";"2021-10-07 04:07:13";"-67";"-78";"-77"
"14985";"2021-10-07 04:07:14";"-67";"-78";"-77"
"14986";"2021-10-07 04:07:15";"-66";"-73";"-79"
"14987";"2021-10-07 04:07:16";"-67";"-78";"-83"
"14988";"2021-10-07 04:07:17";"-68";"-74";"-84"
"14989";"2021-10-07 04:07:18";"-66";"-79";"-78"
"14990";"2021-10-07 04:07:19";"-67";"-73";"-78"
"14991";"2021-10-07 04:07:20";"-67";"-78";"-83"
"14992";"2021-10-07 04:07:21";"-67";"-78";"-84"
"14993";"2021-10-07 04:07:22";"-68";"-74";"-84"
"14994";"2021-10-07 04:07:23";"-68";"-78";"-84"
"14995";"2021-10-07 04:07:24";"-68";"-74";"-77"
"14996";"2021-10-07 04:07:25";"-67";"-78";"-83"
"14997";"2021-10-07 04:07:26";"-66";"-74";"-78"
"14998";"2021-10-07 04:07:27";"-68";"-73";"-83"
"14999";"2021-10-07 04:07:28";"-66";"-74";"-78"
"15000";"2021-10-07 04:07:29";"-68";"-74";"-79"
"15001";"2021-10-07 04:07:30";"-68";"-73";"-78"
"15002";"2021-10-07 04:07:31";"-66";"-77";"-83"
"15003";"2021-10-07 04:07:32";"-66";"-78";"-78"
"15004";"2021-10-07 04:07:33";"-67";"-78";"-78"
"15005";"2021-10-07 04:07:34";"-67";"-73";"-84"
"15006";"2021-10-07 04:07:35";"-68";"-78";"-83"
"15007";"2021-10-07 04:07:36";"-68";"-73";"-78"
"15008";"2021-10-07 04:07:37";"-67";"-78";"-83"
"15009";"2021-10-07 04:07:38";"-67";"-74";"-77"
"15010";"2021-10-07 04:07:39";"-67";"-74";"-79"
"15011";"2021-10-07 04:07:40";"-67";"-78";"-77"
"15012";"2021-10-07 04:07:41";"-67";"-79";"-83"
"15013";"2021-10-07 04:08:07";"-66";"-76";"-82"
"15014";"2021-10-07 04:08:08";"-68";"-73";"-79"
"15015";"2021-10-07 04:08:09";"-67";"-79";"-78"
"15016";"2021-10-07 04:08:10";"-68";"-78";"-84"
"15017";"2021-10-07 04:08:11";"-66";"-78";"-78"
"15018";"2021-10-07 04:08:12";"-59";"-76";"-80"
"15019";"2021-10-07 04:08:13";"-68";"-74";"-83"
"15020";"2021-10-07 04:08:14";"-68";"-74";"-83"
"15021";"2021-10-07 04:08:15";"-67";"-78";"-78"
"15022";"2021-10-07 04:08:16";"-66";"-76";"-77"
"15023";"2021-10-07 04:08:17";"-68";"-78";"-83"
"15024";"2021-10-07 04:08:18";"-67";"-78";"-77"
"15025";"2021-10-07 04:08:19";"-66";"-74";"-79"
"15026";"2021-10-07 04:08:20";"-68";"-78";"-84"
"15027";"2021-10-07 04:08:21";"-67";"-74";"-78"
"15028";"2021-10-07 04:08:22";"-67";"-74";"-79"
"15029";"2021-10-07 04:08:23";"-66";"-78";"-84"
"15030";"2021-10-07 04:08:24";"-59";"-76";"-78"
"15031";"2021-10-07 04:08:25";"-68";"-78";"-78"
"15032";"2021-10-07 04:08:26";"-61";"-76";"-79"
"15033";"2021-10-07 04:08:27";"-67";"-74";"-78"
"15034";"2021-10-07 04:08:28";"-68";"-74";"-77"
"15035";"2021-10-07 04:08:29";"-67";"-78";"-83"
"15036";"2021-10-07 04:08:30";"-66";"-78";"-78"
"15037";"2021-10-07 04:08:31";"-67";"-78";"-78"
"15038";"2021-10-07 04:08:32";"-68";"-74";"-79"
"15039";"2021-10-07 04:08:33";"-68";"-74";"-78"
"15040";"2021-10-07 04:08:34";"-67";"-74";"-77"
"15041";"2021-10-07 04:08:35";"-67";"-78";"-78"
"15042";"2021-10-07 04:08:36";"-68";"-74";"-80"
"15043";"2021-10-07 04:08:37";"-68";"-74";"-79"
"15044";"2021-10-07 04:09:09";"-67";"-73";"-78"
"15045";"2021-10-07 04:09:09";"-67";"-74";"-79"
"15046";"2021-10-07 04:09:10";"-67";"-78";"-84"
"15047";"2021-10-07 04:09:11";"-68";"-79";"-78"
"15048";"2021-10-07 04:09:12";"-67";"-79";"-83"
"15049";"2021-10-07 04:09:13";"-68";"-73";"-78"
"15050";"2021-10-07 04:09:14";"-66";"-78";"-84"
"15051";"2021-10-07 04:09:15";"-60";"-73";"-77"
"15052";"2021-10-07 04:09:16";"-68";"-76";"-77"
"15053";"2021-10-07 04:09:17";"-67";"-78";"-78"
"15054";"2021-10-07 04:09:18";"-67";"-74";"-84"
"15055";"2021-10-07 04:09:19";"-58";"-77";"-83"
"15056";"2021-10-07 04:09:20";"-67";"-77";"-78"
"15057";"2021-10-07 04:09:21";"-67";"-74";"-83"
"15058";"2021-10-07 04:09:22";"-68";"-73";"-78"
"15059";"2021-10-07 04:09:23";"-67";"-74";"-84"
"15060";"2021-10-07 04:09:24";"-67";"-78";"-83"
"15061";"2021-10-07 04:09:25";"-66";"-78";"-83"
"15062";"2021-10-07 04:09:26";"-67";"-73";"-78"
"15063";"2021-10-07 04:09:27";"-66";"-78";"-78"
"15064";"2021-10-07 04:09:28";"-62";"-75";"-78"
"15065";"2021-10-07 04:09:29";"-67";"-73";"-78"
"15066";"2021-10-07 04:09:30";"-68";"-74";"-79"
"15067";"2021-10-07 04:09:32";"-67";"-73";"-83"
"15068";"2021-10-07 04:09:33";"-67";"-74";"-83"
"15069";"2021-10-07 04:09:34";"-68";"-73";"-78"
"15070";"2021-10-07 04:10:08";"-67";"-74";"-78"
"15071";"2021-10-07 04:10:08";"-68";"-74";"-79"
"15072";"2021-10-07 04:10:09";"-67";"-78";"-78"
"15073";"2021-10-07 04:10:10";"-67";"-78";"-83"
"15074";"2021-10-07 04:10:11";"-67";"-74";"-83"
"15075";"2021-10-07 04:10:12";"-67";"-79";"-83"
"15076";"2021-10-07 04:10:13";"-68";"-77";"-78"
"15077";"2021-10-07 04:10:14";"-59";"-76";"-83"
"15078";"2021-10-07 04:10:16";"-68";"-73";"-84"
"15079";"2021-10-07 04:10:17";"-66";"-73";"-79"
"15080";"2021-10-07 04:10:18";"-66";"-73";"-78"
"15081";"2021-10-07 04:10:19";"-67";"-74";"-83"
"15082";"2021-10-07 04:10:20";"-67";"-78";"-83"
"15083";"2021-10-07 04:10:21";"-68";"-78";"-79"
"15084";"2021-10-07 04:10:22";"-68";"-78";"-78"
"15085";"2021-10-07 04:10:23";"-67";"-78";"-78"
"15086";"2021-10-07 04:10:24";"-68";"-74";"-78"
"15087";"2021-10-07 04:10:25";"-59";"-76";"-84"
"15088";"2021-10-07 04:10:26";"-68";"-74";"-85"
"15089";"2021-10-07 04:10:27";"-66";"-78";"-84"
"15090";"2021-10-07 04:10:28";"-67";"-74";"-78"
"15091";"2021-10-07 04:10:29";"-67";"-77";"-78"
"15092";"2021-10-07 04:10:30";"-67";"-78";"-84"
"15093";"2021-10-07 04:10:31";"-68";"-78";"-78"
"15094";"2021-10-07 04:10:32";"-67";"-77";"-79"
"15095";"2021-10-07 04:10:33";"-68";"-78";"-84"
"15096";"2021-10-07 04:10:34";"-67";"-78";"-78"
"15097";"2021-10-07 04:10:35";"-67";"-74";"-78"
"15098";"2021-10-07 04:10:36";"-68";"-73";"-79"
"15099";"2021-10-07 04:10:37";"-66";"-73";"-78"
"15100";"2021-10-07 04:11:09";"-67";"-74";"-84"
"15101";"2021-10-07 04:11:10";"-62";"-78";"-84"
"15102";"2021-10-07 04:11:11";"-68";"-77";"-77"
"15103";"2021-10-07 04:11:12";"-67";"-78";"-79"
"15104";"2021-10-07 04:11:13";"-68";"-73";"-84"
"15105";"2021-10-07 04:11:14";"-68";"-78";"-84"
"15106";"2021-10-07 04:11:15";"-59";"-77";"-84"
"15107";"2021-10-07 04:11:16";"-67";"-78";"-83"
"15108";"2021-10-07 04:11:17";"-67";"-79";"-84"
"15109";"2021-10-07 04:11:18";"-67";"-78";"-83"
"15110";"2021-10-07 04:11:19";"-68";"-74";"-78"
"15111";"2021-10-07 04:11:20";"-67";"-78";"-83"
"15112";"2021-10-07 04:11:21";"-67";"-73";"-84"
"15113";"2021-10-07 04:11:22";"-67";"-74";"-79"
"15114";"2021-10-07 04:11:23";"-67";"-77";"-78"
"15115";"2021-10-07 04:11:24";"-67";"-78";"-83"
"15116";"2021-10-07 04:11:25";"-68";"-78";"-77"
"15117";"2021-10-07 04:11:26";"-68";"-74";"-83"
"15118";"2021-10-07 04:11:27";"-61";"-77";"-83"
"15119";"2021-10-07 04:11:28";"-68";"-74";"-84"
"15120";"2021-10-07 04:11:29";"-67";"-78";"-79"
"15121";"2021-10-07 04:11:30";"-67";"-78";"-78"
"15122";"2021-10-07 04:11:31";"-59";"-76";"-84"
"15123";"2021-10-07 04:11:32";"-67";"-78";"-84"
"15124";"2021-10-07 04:11:33";"-68";"-74";"-84"
"15125";"2021-10-07 04:11:34";"-68";"-78";"-78"
"15126";"2021-10-07 04:12:06";"-68";"-73";"-78"
"15127";"2021-10-07 04:12:07";"-67";"-78";"-84"
"15128";"2021-10-07 04:12:08";"-68";"-73";"-84"
"15129";"2021-10-07 04:12:09";"-68";"-78";"-79"
"15130";"2021-10-07 04:12:10";"-66";"-79";"-83"
"15131";"2021-10-07 04:12:11";"-67";"-74";"-78"
"15132";"2021-10-07 04:12:12";"-67";"-78";"-83"
"15133";"2021-10-07 04:12:13";"-66";"-74";"-79"
"15134";"2021-10-07 04:12:14";"-66";"-79";"-78"
"15135";"2021-10-07 04:12:15";"-66";"-74";"-84"
"15136";"2021-10-07 04:12:16";"-67";"-77";"-83"
"15137";"2021-10-07 04:12:17";"-66";"-74";"-78"
"15138";"2021-10-07 04:12:18";"-68";"-75";"-79"
"15139";"2021-10-07 04:12:19";"-67";"-73";"-84"
"15140";"2021-10-07 04:12:20";"-67";"-78";"-78"
"15141";"2021-10-07 04:12:21";"-67";"-78";"-78"
"15142";"2021-10-07 04:12:22";"-68";"-74";"-78"
"15143";"2021-10-07 04:12:23";"-66";"-78";"-78"
"15144";"2021-10-07 04:12:24";"-66";"-76";"-84"
"15145";"2021-10-07 04:12:25";"-67";"-74";"-83"
"15146";"2021-10-07 04:12:26";"-67";"-73";"-79"
"15147";"2021-10-07 04:12:40";"-67";"-74";"-84"
"15148";"2021-10-07 04:12:41";"-67";"-73";"-78"
"15149";"2021-10-07 04:13:03";"-67";"-73";"-83"
"15150";"2021-10-07 04:13:04";"-68";"-78";"-79"
"15151";"2021-10-07 04:13:05";"-67";"-73";"-84"
"15152";"2021-10-07 04:13:06";"-67";"-78";"-78"
"15153";"2021-10-07 04:13:07";"-68";"-74";"-78"
"15154";"2021-10-07 04:13:08";"-67";"-74";"-78"
"15155";"2021-10-07 04:13:09";"-67";"-74";"-78"
"15156";"2021-10-07 04:13:10";"-67";"-73";"-79"
"15157";"2021-10-07 04:13:11";"-68";"-74";"-78"
"15158";"2021-10-07 04:14:03";"-67";"-74";"-78"
"15159";"2021-10-07 04:14:03";"-67";"-74";"-77"
"15160";"2021-10-07 04:14:04";"-59";"-76";"-78"
"15161";"2021-10-07 04:14:05";"-66";"-77";"-77"
"15162";"2021-10-07 04:14:06";"-67";"-78";"-84"
"15163";"2021-10-07 04:14:07";"-66";"-79";"-78"
"15164";"2021-10-07 04:14:08";"-61";"-76";"-78"
"15165";"2021-10-07 04:14:09";"-67";"-79";"-84"
"15166";"2021-10-07 04:14:11";"-67";"-77";"-76"
"15167";"2021-10-07 04:14:12";"-67";"-73";"-84"
"15168";"2021-10-07 04:14:13";"-67";"-74";"-83"
"15169";"2021-10-07 04:14:14";"-67";"-74";"-77"
"15170";"2021-10-07 04:14:15";"-67";"-73";"-77"
"15171";"2021-10-07 04:14:30";"-67";"-74";"-78"
"15172";"2021-10-07 04:14:30";"-67";"-74";"-77"
"15173";"2021-10-07 04:14:31";"-67";"-74";"-77"
"15174";"2021-10-07 04:15:05";"-67";"-74";"-79"
"15175";"2021-10-07 04:15:06";"-67";"-79";"-77"
"15176";"2021-10-07 04:15:07";"-68";"-78";"-79"
"15177";"2021-10-07 04:15:08";"-64";"-73";"-91"
"15178";"2021-10-07 04:15:09";"-64";"-73";"-80"
"15179";"2021-10-07 04:15:10";"-69";"-73";"-81"
"15180";"2021-10-07 04:15:11";"-62";"-74";"-79"
"15181";"2021-10-07 04:15:12";"-62";"-77";"-79"
"15182";"2021-10-07 04:15:13";"-59";"-77";"-79"
"15183";"2021-10-07 04:15:14";"-71";"-73";"-84"
"15184";"2021-10-07 04:15:15";"-69";"-72";"-76"
"15185";"2021-10-07 04:15:16";"-76";"-74";"-77"
"15186";"2021-10-07 04:15:17";"-64";"-78";"-74"
"15187";"2021-10-07 04:15:46";"-67";"-79";"-84"
"15188";"2021-10-07 04:16:08";"-67";"-77";"-84"
"15189";"2021-10-07 04:16:09";"-67";"-79";"-85"
"15190";"2021-10-07 04:16:10";"-67";"-73";"-76"
"15191";"2021-10-07 04:16:11";"-67";"-80";"-79"
"15192";"2021-10-07 04:16:12";"-59";"-73";"-84"
"15193";"2021-10-07 04:16:13";"-67";"-73";"-77"
"15194";"2021-10-07 04:16:14";"-60";"-74";"-77"
"15195";"2021-10-07 04:16:15";"-67";"-79";"-85"
"15196";"2021-10-07 04:16:16";"-67";"-73";"-76"
"15197";"2021-10-07 04:16:17";"-67";"-74";"-85"
"15198";"2021-10-07 04:16:18";"-67";"-79";"-78"
"15199";"2021-10-07 04:16:44";"-67";"-79";"-84"
"15200";"2021-10-07 04:17:06";"-67";"-73";"-79"
"15201";"2021-10-07 04:17:06";"-67";"-76";"-77"
"15202";"2021-10-07 04:17:07";"-60";"-76";"-78"
"15203";"2021-10-07 04:17:08";"-67";"-78";"-78"
"15204";"2021-10-07 04:17:09";"-67";"-74";"-80"
"15205";"2021-10-07 04:17:10";"-67";"-76";"-76"
"15206";"2021-10-07 04:17:12";"-62";"-77";"-77"
"15207";"2021-10-07 04:17:13";"-67";"-79";"-79"
"15208";"2021-10-07 04:17:14";"-67";"-79";"-77"
"15209";"2021-10-07 04:17:15";"-67";"-74";"-84"
"15210";"2021-10-07 04:17:16";"-68";"-74";"-84"
"15211";"2021-10-07 04:17:43";"-67";"-79";"-84"
"15212";"2021-10-07 04:18:07";"-67";"-78";"-76"
"15213";"2021-10-07 04:18:08";"-67";"-74";"-85"
"15214";"2021-10-07 04:18:09";"-67";"-79";"-84"
"15215";"2021-10-07 04:18:10";"-67";"-73";"-79"
"15216";"2021-10-07 04:18:11";"-61";"-76";"-78"
"15217";"2021-10-07 04:18:12";"-67";"-74";"-84"
"15218";"2021-10-07 04:18:13";"-67";"-73";"-76"
"15219";"2021-10-07 04:18:14";"-67";"-79";"-84"
"15220";"2021-10-07 04:18:29";"-67";"-73";"-79"
"15221";"2021-10-07 04:18:29";"-67";"-76";"-85"
"15222";"2021-10-07 04:18:30";"-68";"-74";"-85"
"15223";"2021-10-07 04:18:31";"-68";"-73";"-77"
"15224";"2021-10-07 04:18:32";"-67";"-74";"-79"
"15225";"2021-10-07 04:18:33";"-67";"-73";"-78"
"15226";"2021-10-07 04:18:34";"-67";"-79";"-81"
"15227";"2021-10-07 04:18:35";"-67";"-74";"-77"
"15228";"2021-10-07 04:18:36";"-68";"-77";"-86"
"15229";"2021-10-07 04:18:37";"-67";"-73";"-84"
"15230";"2021-10-07 04:18:38";"-67";"-80";"-77"
"15231";"2021-10-07 04:18:39";"-67";"-77";"-81"
"15232";"2021-10-07 04:18:40";"-67";"-74";"-85"
"15233";"2021-10-07 04:18:41";"-67";"-73";"-85"
"15234";"2021-10-07 04:18:42";"-67";"-76";"-85"
"15235";"2021-10-07 04:19:24";"-67";"-79";"-84"
"15236";"2021-10-07 04:19:25";"-68";"-74";"-85"
"15237";"2021-10-07 04:19:26";"-67";"-73";"-80"
"15238";"2021-10-07 04:19:27";"-67";"-79";"-80"
"15239";"2021-10-07 04:19:28";"-67";"-73";"-78"
"15240";"2021-10-07 04:19:29";"-67";"-73";"-78"
"15241";"2021-10-07 04:19:30";"-67";"-73";"-78"
"15242";"2021-10-07 04:19:31";"-68";"-76";"-77"
"15243";"2021-10-07 04:19:32";"-67";"-74";"-79"
"15244";"2021-10-07 04:19:33";"-67";"-74";"-86"
"15245";"2021-10-07 04:19:34";"-67";"-73";"-85"
"15246";"2021-10-07 04:19:35";"-67";"-74";"-77"
"15247";"2021-10-07 04:19:36";"-67";"-74";"-79"
"15248";"2021-10-07 04:19:37";"-59";"-76";"-85"
"15249";"2021-10-07 04:19:38";"-67";"-74";"-85"
"15250";"2021-10-07 04:19:39";"-67";"-74";"-79"
"15251";"2021-10-07 04:19:40";"-67";"-73";"-80"
"15252";"2021-10-07 04:19:41";"-67";"-73";"-86"
"15253";"2021-10-07 04:19:42";"-68";"-73";"-85"
"15254";"2021-10-07 04:20:08";"-67";"-74";"-77"
"15255";"2021-10-07 04:20:09";"-67";"-73";"-85"
"15256";"2021-10-07 04:20:09";"-67";"-74";"-77"
"15257";"2021-10-07 04:20:11";"-67";"-79";"-85"
"15258";"2021-10-07 04:20:12";"-67";"-79";"-77"
"15259";"2021-10-07 04:20:13";"-67";"-73";"-77"
"15260";"2021-10-07 04:20:14";"-67";"-79";"-79"
"15261";"2021-10-07 04:20:15";"-67";"-73";"-85"
"15262";"2021-10-07 04:20:16";"-60";"-76";"-86"
"15263";"2021-10-07 04:20:17";"-67";"-79";"-77"
"15264";"2021-10-07 04:20:18";"-68";"-78";"-80"
"15265";"2021-10-07 04:20:19";"-67";"-78";"-79"
"15266";"2021-10-07 04:20:20";"-67";"-73";"-80"
"15267";"2021-10-07 04:20:21";"-67";"-73";"-85"
"15268";"2021-10-07 04:20:22";"-67";"-73";"-79"
"15269";"2021-10-07 04:20:23";"-68";"-73";"-84"
"15270";"2021-10-07 04:20:24";"-67";"-73";"-85"
"15271";"2021-10-07 04:20:25";"-67";"-76";"-78"
"15272";"2021-10-07 04:20:26";"-67";"-74";"-77"
"15273";"2021-10-07 04:20:27";"-67";"-73";"-85"
"15274";"2021-10-07 04:20:28";"-67";"-73";"-77"
"15275";"2021-10-07 04:20:29";"-67";"-78";"-77"
"15276";"2021-10-07 04:20:30";"-67";"-79";"-85"
"15277";"2021-10-07 04:20:31";"-67";"-74";"-86"
"15278";"2021-10-07 04:20:32";"-67";"-80";"-85"
"15279";"2021-10-07 04:20:33";"-68";"-74";"-81"
"15280";"2021-10-07 04:20:34";"-67";"-74";"-85"
"15281";"2021-10-07 04:20:35";"-67";"-77";"-78"
"15282";"2021-10-07 04:21:06";"-67";"-79";"-76"
"15283";"2021-10-07 04:21:06";"-67";"-73";"-77"
"15284";"2021-10-07 04:21:07";"-67";"-73";"-85"
"15285";"2021-10-07 04:21:08";"-67";"-74";"-78"
"15286";"2021-10-07 04:21:09";"-67";"-73";"-81"
"15287";"2021-10-07 04:21:10";"-67";"-79";"-85"
"15288";"2021-10-07 04:21:11";"-67";"-74";"-81"
"15289";"2021-10-07 04:21:12";"-59";"-76";"-80"
"15290";"2021-10-07 04:21:13";"-67";"-79";"-85"
"15291";"2021-10-07 04:21:14";"-67";"-79";"-79"
"15292";"2021-10-07 04:21:15";"-67";"-75";"-77"
"15293";"2021-10-07 04:21:16";"-67";"-77";"-86"
"15294";"2021-10-07 04:21:17";"-67";"-79";"-77"
"15295";"2021-10-07 04:21:18";"-67";"-74";"-79"
"15296";"2021-10-07 04:21:19";"-67";"-73";"-77"
"15297";"2021-10-07 04:21:20";"-67";"-78";"-80"
"15298";"2021-10-07 04:21:21";"-67";"-74";"-79"
"15299";"2021-10-07 04:21:22";"-67";"-79";"-79"
"15300";"2021-10-07 04:21:23";"-67";"-77";"-77"
"15301";"2021-10-07 04:21:24";"-67";"-79";"-86"
"15302";"2021-10-07 04:21:25";"-67";"-76";"-77"
"15303";"2021-10-07 04:21:26";"-67";"-73";"-79"
"15304";"2021-10-07 04:21:27";"-67";"-79";"-86"
"15305";"2021-10-07 04:21:28";"-67";"-79";"-86"
"15306";"2021-10-07 04:21:29";"-68";"-79";"-80"
"15307";"2021-10-07 04:21:30";"-67";"-79";"-85"
"15308";"2021-10-07 04:21:31";"-67";"-79";"-79"
"15309";"2021-10-07 04:21:32";"-67";"-74";"-77"
"15310";"2021-10-07 04:22:06";"-61";"-74";"-85"
"15311";"2021-10-07 04:22:06";"-67";"-74";"-77"
"15312";"2021-10-07 04:22:07";"-67";"-74";"-77"
"15313";"2021-10-07 04:22:08";"-67";"-79";"-79"
"15314";"2021-10-07 04:22:09";"-68";"-74";"-77"
"15315";"2021-10-07 04:22:10";"-60";"-77";"-77"
"15316";"2021-10-07 04:22:11";"-67";"-79";"-79"
"15317";"2021-10-07 04:22:12";"-67";"-74";"-85"
"15318";"2021-10-07 04:22:13";"-67";"-79";"-85"
"15319";"2021-10-07 04:22:14";"-67";"-78";"-85"
"15320";"2021-10-07 04:22:15";"-67";"-73";"-77"
"15321";"2021-10-07 04:22:16";"-67";"-73";"-85"
"15322";"2021-10-07 04:22:18";"-68";"-76";"-77"
"15323";"2021-10-07 04:22:19";"-67";"-73";"-86"
"15324";"2021-10-07 04:22:20";"-67";"-74";"-85"
"15325";"2021-10-07 04:22:21";"-67";"-73";"-79"
"15326";"2021-10-07 04:22:35";"-68";"-79";"-84"
"15327";"2021-10-07 04:22:35";"-68";"-78";"-81"
"15328";"2021-10-07 04:22:36";"-68";"-74";"-85"
"15329";"2021-10-07 04:22:37";"-67";"-78";"-85"
"15330";"2021-10-07 04:22:38";"-67";"-73";"-85"
"15331";"2021-10-07 04:22:39";"-67";"-74";"-80"
"15332";"2021-10-07 04:22:40";"-67";"-79";"-79"
"15333";"2021-10-07 04:22:41";"-67";"-79";"-79"
"15334";"2021-10-07 04:22:42";"-67";"-79";"-86"
"15335";"2021-10-07 04:23:05";"-68";"-73";"-79"
"15336";"2021-10-07 04:23:30";"-67";"-80";"-85"
"15337";"2021-10-07 04:23:31";"-67";"-79";"-77"
"15338";"2021-10-07 04:23:32";"-67";"-74";"-80"
"15339";"2021-10-07 04:23:33";"-67";"-74";"-85"
"15340";"2021-10-07 04:23:34";"-67";"-77";"-85"
"15341";"2021-10-07 04:23:35";"-67";"-78";"-80"
"15342";"2021-10-07 04:23:36";"-67";"-79";"-85"
"15343";"2021-10-07 04:23:37";"-68";"-79";"-79"
"15344";"2021-10-07 04:23:38";"-60";"-74";"-79"
"15345";"2021-10-07 04:23:39";"-67";"-79";"-85"
"15346";"2021-10-07 04:23:40";"-67";"-74";"-85"
"15347";"2021-10-07 04:23:42";"-59";"-76";"-85"
"15348";"2021-10-07 04:23:43";"-67";"-79";"-79"
"15349";"2021-10-07 04:23:56";"-67";"-74";"-79"
"15350";"2021-10-07 04:23:57";"-67";"-78";"-78"
"15351";"2021-10-07 04:23:58";"-67";"-79";"-79"
"15352";"2021-10-07 04:23:59";"-67";"-74";"-77"
"15353";"2021-10-07 04:24:00";"-67";"-74";"-86"
"15354";"2021-10-07 04:24:01";"-67";"-73";"-78"
"15355";"2021-10-07 04:24:02";"-67";"-76";"-77"
"15356";"2021-10-07 04:24:36";"-67";"-74";"-77"
"15357";"2021-10-07 04:24:58";"-67";"-78";"-84"
"15358";"2021-10-07 04:24:59";"-67";"-73";"-80"
"15359";"2021-10-07 04:25:00";"-67";"-79";"-85"
"15360";"2021-10-07 04:25:02";"-67";"-79";"-76"
"15361";"2021-10-07 04:25:03";"-58";"-79";"-84"
"15362";"2021-10-07 04:25:04";"-67";"-74";"-78"
"15363";"2021-10-07 04:25:05";"-67";"-73";"-84"
"15364";"2021-10-07 04:25:06";"-60";"-79";"-79"
"15365";"2021-10-07 04:25:07";"-67";"-79";"-79"
"15366";"2021-10-07 04:25:08";"-67";"-73";"-84"
"15367";"2021-10-07 04:25:23";"-67";"-78";"-76"
"15368";"2021-10-07 04:25:24";"-67";"-74";"-85"
"15369";"2021-10-07 04:25:25";"-68";"-73";"-79"
"15370";"2021-10-07 04:25:26";"-67";"-79";"-77"
"15371";"2021-10-07 04:25:27";"-68";"-78";"-84"
"15372";"2021-10-07 04:25:28";"-67";"-73";"-84"
"15373";"2021-10-07 04:25:29";"-67";"-79";"-77"
"15374";"2021-10-07 04:25:30";"-67";"-79";"-85"
"15375";"2021-10-07 04:25:31";"-67";"-73";"-84"
"15376";"2021-10-07 04:25:32";"-67";"-73";"-76"
"15377";"2021-10-07 04:25:33";"-68";"-75";"-77"
"15378";"2021-10-07 04:25:34";"-68";"-72";"-81"
"15379";"2021-10-07 04:25:35";"-67";"-76";"-85"
